Dex,Spawn (base),League / Purpose,Best form & rank,IV target,Moveset,Keep,Total
7,Squirtle,GL,Blastoise #58 (score 89.2),Rank ≤ #100  (low ATK / high bulk),Bite / Hydro Cannon / Skull Bash,1,3
,,UL,Blastoise #29 (score 90),Rank ≤ #100  (low ATK / high bulk),Bite / Hydro Cannon / Skull Bash,1,
,,UL,Blastoise (Shadow) #84 (score 86.9),Rank ≤ #100  (low ATK / high bulk),Bite / Hydro Cannon / Skull Bash,1,
21,Spearow,GL,Fearow #25 (score 90.4),Rank ≤ #100  (low ATK / high bulk),Peck / Drill Peck / Drill Run,1,1
37,Vulpix,GL,Ninetales #13 (score 91.3),Rank ≤ #100  (low ATK / high bulk),Ember / Weather Ball Fire / Energy Ball,1,9
,,UL,Ninetales #34 (score 89.5),Rank ≤ #100  (low ATK / high bulk),Ember / Weather Ball Fire / Energy Ball,1,
,,GL,Ninetales (Alolan) #68 (score 88.9),Rank ≤ #100  (low ATK / high bulk),Powder Snow / Weather Ball Ice / Chilling Water,1,
,,UL,Ninetales (Alolan) #25 (score 90.3),Rank ≤ #100  (low ATK / high bulk),Powder Snow / Weather Ball Ice / Chilling Water,1,
,,GL,Ninetales (Alolan) (Shadow) #73 (score 88.6),Rank ≤ #100  (low ATK / high bulk),Powder Snow / Weather Ball Ice / Chilling Water,1,
,,UL,Ninetales (Alolan) (Shadow) #30 (score 90),Rank ≤ #100  (low ATK / high bulk),Powder Snow / Weather Ball Ice / Chilling Water,1,
,,GL,Ninetales (Shadow) #3 (score 93),Rank ≤ #100  (low ATK / high bulk),Ember / Weather Ball Fire / Energy Ball,1,
,,UL,Ninetales (Shadow) #64 (score 88),Rank ≤ #100  (low ATK / high bulk),Ember / Weather Ball Fire / Energy Ball,1,
,,LC,Vulpix #41 (score 76.4),Rank ≤ #100  (low ATK / high bulk),Ember / Weather Ball Fire / Body Slam,1,
43,Oddish,LC,Oddish #44 (score 76.3),Rank ≤ #100  (low ATK / high bulk),Razor Leaf / Sludge Bomb / Seed Bomb,1,2
,,LC,Oddish (Shadow) #31 (score 79.9),Rank ≤ #100  (low ATK / high bulk),Razor Leaf / Sludge Bomb / Seed Bomb,1,
56,Mankey,GL,Annihilape #31 (score 90.1),Rank ≤ #100  (low ATK / high bulk),Low Kick / Rage Fist / Ice Punch,1,4
,,UL,Annihilape #59 (score 88.2),Rank ≤ #100  (low ATK / high bulk),Low Kick / Rage Fist / Ice Punch,1,
,,GL,Annihilape (Shadow) #38 (score 90),Rank ≤ #100  (low ATK / high bulk),Low Kick / Rage Fist / Ice Punch,1,
,,UL,Annihilape (Shadow) #74 (score 87.4),Rank ≤ #100  (low ATK / high bulk),Low Kick / Rage Fist / Ice Punch,1,
60,Poliwag,UL,Politoed (Shadow) #86 (score 86.8),Rank ≤ #100  (low ATK / high bulk),Mud Shot / Weather Ball Water / Earthquake,1,1
72,Tentacool,LC,Tentacool #20 (score 82.8),Rank ≤ #100  (low ATK / high bulk),Poison Sting / Wrap / Water Pulse,1,4
,,LC,Tentacool (Shadow) #25 (score 80.9),Rank ≤ #100  (low ATK / high bulk),Poison Sting / Wrap / Water Pulse,1,
,,UL,Tentacruel #83 (score 87),Rank ≤ #100  (low ATK / high bulk),Acid / Scald / Payback,1,
,,UL,Tentacruel (Shadow) #87 (score 86.8),Rank ≤ #100  (low ATK / high bulk),Acid / Scald / Payback,1,
79,Slowpoke,LC,Slowpoke #47 (score 76.2),Rank ≤ #100  (low ATK / high bulk),Confusion / Psyshock / Water Pulse,1,2
,,LC,Slowpoke (Shadow) #37 (score 77.6),Rank ≤ #100  (low ATK / high bulk),Confusion / Psyshock / Water Pulse,1,
86,Seel,GL,Dewgong #69 (score 88.8),Rank ≤ #100  (low ATK / high bulk),Ice Shard / Icy Wind / Drill Run,1,2
,,LC,Seel #27 (score 80.5),Rank ≤ #100  (low ATK / high bulk),Lick / Aqua Tail / Icy Wind,1,
88,Grimer,GL,Muk (Alolan) #100 (score 87.2),Rank ≤ #100  (low ATK / high bulk),Poison Jab / Brutal Swing / Ice Punch,1,3
,,UL,Muk (Alolan) #36 (score 89.4),Rank ≤ #100  (low ATK / high bulk),Poison Jab / Brutal Swing / Ice Punch,1,
,,UL,Muk (Alolan) (Shadow) #68 (score 87.8),Rank ≤ #100  (low ATK / high bulk),Poison Jab / Brutal Swing / Ice Punch,1,
95,Onix,UL,Steelix #44 (score 89),Rank ≤ #100  (low ATK / high bulk),Thunder Fang / Psychic Fangs / Earthquake,1,3
,,GL,Steelix (Shadow) #87 (score 87.7),Rank ≤ #100  (low ATK / high bulk),Thunder Fang / Psychic Fangs / Crunch,1,
,,UL,Steelix (Shadow) #47 (score 88.7),Rank ≤ #100  (low ATK / high bulk),Thunder Fang / Psychic Fangs / Crunch,1,
100,Voltorb,GL,Electrode (Hisuian) #34 (score 90.1),Rank ≤ #100  (low ATK / high bulk),Thunder Shock / Wild Charge / Energy Ball,1,1
104,Cubone,GL,Marowak #19 (score 90.6),Rank ≤ #100  (low ATK / high bulk),Mud Slap / Bone Club / Rock Slide,1,2
,,GL,Marowak (Shadow) #77 (score 88.3),Rank ≤ #100  (low ATK / high bulk),Mud Slap / Bone Club / Rock Slide,1,
108,Lickitung,UL,Lickilicky #100 (score 86.1),Rank ≤ #100  (low ATK / high bulk),Rollout / Body Slam / Shadow Ball,1,1
111,Rhyhorn,ML,Rhyperior #69 (score 80),IV% ≥96% or 15 ATK  (high ATK),Mud Slap / Drill Run / Rock Wrecker,1,2
,,ML,Rhyperior (Shadow) #68 (score 80.1),IV% ≥96% or 15 ATK  (high ATK),Mud Slap / Drill Run / Rock Wrecker,1,
116,Horsea,GL,Kingdra #57 (score 89.3),Rank ≤ #100  (low ATK / high bulk),Dragon Breath / Surf / Swift,1,4
,,UL,Kingdra #66 (score 87.9),Rank ≤ #100  (low ATK / high bulk),Dragon Breath / Surf / Swift,1,
,,GL,Kingdra (Shadow) #62 (score 89.2),Rank ≤ #100  (low ATK / high bulk),Dragon Breath / Surf / Swift,1,
,,UL,Kingdra (Shadow) #73 (score 87.5),Rank ≤ #100  (low ATK / high bulk),Dragon Breath / Surf / Swift,1,
118,Goldeen,UL,Seaking #45 (score 88.9),Rank ≤ #100  (low ATK / high bulk),Peck / Drill Run / Icy Wind,1,1
129,Magikarp,UL,Gyarados #75 (score 87.4),Rank ≤ #100  (low ATK / high bulk),Dragon Breath / Aqua Tail / Twister,1,4
,,ML,Gyarados #57 (score 81.9),IV% ≥96% or 15 ATK  (high ATK),Dragon Breath / Aqua Tail / Crunch,1,
,,UL,Gyarados (Shadow) #67 (score 87.8),Rank ≤ #100  (low ATK / high bulk),Dragon Breath / Aqua Tail / Twister,1,
,,ML,Gyarados (Shadow) #31 (score 87.6),IV% ≥96% or 15 ATK  (high ATK),Dragon Breath / Aqua Tail / Twister,1,
131,Lapras,GL,Lapras #39 (score 90),Rank ≤ #100  (low ATK / high bulk),Psywave / Sparkling Aria / Ice Beam,1,4
,,UL,Lapras #22 (score 90.5),Rank ≤ #100  (low ATK / high bulk),Psywave / Sparkling Aria / Ice Beam,1,
,,GL,Lapras (Shadow) #63 (score 89.1),Rank ≤ #100  (low ATK / high bulk),Psywave / Sparkling Aria / Ice Beam,1,
,,UL,Lapras (Shadow) #23 (score 90.5),Rank ≤ #100  (low ATK / high bulk),Psywave / Sparkling Aria / Ice Beam,1,
133,Eevee,ML,Sylveon #67 (score 80.2),IV% ≥96% or 15 ATK  (high ATK),Fairy Wind / Draining Kiss / Shadow Ball,1,2
,,GL,Umbreon #28 (score 90.3),Rank ≤ #100  (low ATK / high bulk),Snarl / Dark Pulse / Last Resort,1,
138,Omanyte,LC,Omanyte #49 (score 75.5),Rank ≤ #100  (low ATK / high bulk),Mud Shot / Rock Tomb / Rock Blast,1,1
144,Articuno,UL,Articuno #79 (score 87.1),Rank ≤ #100  (low ATK / high bulk),Powder Snow / Icy Wind / Hurricane,1,1
145,Zapdos,UL,Zapdos #97 (score 86.4),Rank ≤ #100  (low ATK / high bulk),Thunder Shock / Drill Peck / Thunderbolt,1,1
146,Moltres,GL,Moltres (Galarian) #71 (score 88.8),Rank ≤ #100  (low ATK / high bulk),Sucker Punch / Fly / Brave Bird,1,2
,,UL,Moltres (Galarian) #13 (score 91.9),Rank ≤ #100  (low ATK / high bulk),Sucker Punch / Fly / Brave Bird,1,
147,Dratini,GL,Dragonair #85 (score 87.9),Rank ≤ #100  (low ATK / high bulk),Dragon Breath / Aqua Tail / Dragon Pulse,1,4
,,GL,Dragonair (Shadow) #67 (score 88.9),Rank ≤ #100  (low ATK / high bulk),Dragon Breath / Wrap / Aqua Tail,1,
,,ML,Dragonite #66 (score 80.4),IV% ≥96% or 15 ATK  (high ATK),Dragon Breath / Thunder Punch / Super Power,1,
,,ML,Dragonite (Shadow) #48 (score 83.6),IV% ≥96% or 15 ATK  (high ATK),Dragon Breath / Thunder Punch / Super Power,1,
150,Mewtwo,ML,Mewtwo #65 (score 80.6),IV% ≥96% or 15 ATK  (high ATK),Psycho Cut / Psystrike / Shadow Ball,1,2
,,ML,Mewtwo (Shadow) #51 (score 83.5),IV% ≥96% or 15 ATK  (high ATK),Psycho Cut / Psystrike / Shadow Ball,1,
152,Chikorita,LC,Chikorita #35 (score 77.8),Rank ≤ #100  (low ATK / high bulk),Vine Whip / Body Slam / Grass Knot,1,2
,,LC,Chikorita (Shadow) #30 (score 79.9),Rank ≤ #100  (low ATK / high bulk),Vine Whip / Grass Knot / Body Slam,1,
155,Cyndaquil,LC,Cyndaquil (Shadow) #36 (score 77.8),Rank ≤ #100  (low ATK / high bulk),Ember / Swift / Flame Charge,1,1
158,Totodile,GL,Feraligatr #30 (score 90.2),Rank ≤ #100  (low ATK / high bulk),Shadow Claw / Hydro Cannon / Ice Beam,1,4
,,UL,Feraligatr #15 (score 91.5),Rank ≤ #100  (low ATK / high bulk),Shadow Claw / Hydro Cannon / Ice Beam,1,
,,GL,Feraligatr (Shadow) #60 (score 89.2),Rank ≤ #100  (low ATK / high bulk),Shadow Claw / Hydro Cannon / Ice Beam,1,
,,UL,Feraligatr (Shadow) #14 (score 91.7),Rank ≤ #100  (low ATK / high bulk),Shadow Claw / Hydro Cannon / Ice Beam,1,
161,Sentret,GL,Furret #43 (score 89.8),Rank ≤ #100  (low ATK / high bulk),Sucker Punch / Swift / Trailblaze,1,1
170,Chinchou,LC,Chinchou #39 (score 76.7),Rank ≤ #100  (low ATK / high bulk),Spark / Thunderbolt / Bubble Beam,1,1
173,Cleffa,GL,Clefable #93 (score 87.3),Rank ≤ #100  (low ATK / high bulk),Fairy Wind / Moonblast / Meteor Mash,1,2
,,UL,Clefable #37 (score 89.2),Rank ≤ #100  (low ATK / high bulk),Fairy Wind / Meteor Mash / Draining Kiss,1,
175,Togepi,UL,Togekiss #61 (score 88.2),Rank ≤ #100  (low ATK / high bulk),Peck / Psyshock / Aura Sphere,1,2
,,ML,Togekiss #58 (score 81.8),IV% ≥96% or 15 ATK  (high ATK),Peck / Dazzling Gleam / Aura Sphere,1,
179,Mareep,UL,Ampharos #52 (score 88.5),Rank ≤ #100  (low ATK / high bulk),Volt Switch / Brutal Swing / Trailblaze,1,2
,,UL,Ampharos (Shadow) #55 (score 88.4),Rank ≤ #100  (low ATK / high bulk),Volt Switch / Brutal Swing / Trailblaze,1,
187,Hoppip,GL,Jumpluff #55 (score 89.4),Rank ≤ #100  (low ATK / high bulk),Fairy Wind / Energy Ball / Acrobatics,1,2
,,GL,Jumpluff (Shadow) #81 (score 88.2),Rank ≤ #100  (low ATK / high bulk),Fairy Wind / Energy Ball / Acrobatics,1,
194,Wooper,GL,Clodsire #17 (score 90.8),Rank ≤ #100  (low ATK / high bulk),Poison Sting / Earthquake / Stone Edge,1,5
,,GL,Quagsire #14 (score 91.2),Rank ≤ #100  (low ATK / high bulk),Mud Shot / Aqua Tail / Stone Edge,1,
,,GL,Quagsire (Shadow) #12 (score 91.4),Rank ≤ #100  (low ATK / high bulk),Mud Shot / Aqua Tail / Stone Edge,1,
,,LC,Wooper #23 (score 81.1),Rank ≤ #100  (low ATK / high bulk),Mud Shot / Mud Bomb / Body Slam,1,
,,LC,Wooper (Shadow) #28 (score 80.3),Rank ≤ #100  (low ATK / high bulk),Mud Shot / Mud Bomb / Body Slam,1,
204,Pineco,GL,Forretress #53 (score 89.5),Rank ≤ #100  (low ATK / high bulk),Volt Switch / Sand Tomb / Rock Tomb,1,4
,,UL,Forretress #31 (score 89.9),Rank ≤ #100  (low ATK / high bulk),Volt Switch / Rock Tomb / Sand Tomb,1,
,,GL,Forretress (Shadow) #48 (score 89.7),Rank ≤ #100  (low ATK / high bulk),Volt Switch / Sand Tomb / Rock Tomb,1,
,,UL,Forretress (Shadow) #39 (score 89.1),Rank ≤ #100  (low ATK / high bulk),Volt Switch / Rock Tomb / Sand Tomb,1,
206,Dunsparce,GL,Dunsparce #82 (score 88.1),Rank ≤ #100  (low ATK / high bulk),Bite / Drill Run / Rock Slide,1,1
216,Teddiursa,ML,Ursaluna #10 (score 93),IV% ≥96% or 15 ATK  (high ATK),Scratch / Ice Punch / High Horsepower,1,2
,,ML,Ursaluna (Shadow) #17 (score 92.2),IV% ≥96% or 15 ATK  (high ATK),Scratch / Ice Punch / High Horsepower,1,
220,Swinub,UL,Piloswine #92 (score 86.5),Rank ≤ #100  (low ATK / high bulk),Powder Snow / Icicle Spear / High Horsepower,1,2
,,UL,Piloswine (Shadow) #81 (score 87.1),Rank ≤ #100  (low ATK / high bulk),Powder Snow / Icicle Spear / High Horsepower,1,
222,Corsola,GL,Corsola (Galarian) #8 (score 91.8),Rank ≤ #100  (low ATK / high bulk),Astonish / Night Shade / Power Gem,1,1
241,Miltank,UL,Miltank #60 (score 88.2),Rank ≤ #100  (low ATK / high bulk),Rollout / Body Slam / High Horsepower,1,1
243,Raikou,UL,Raikou (Shadow) #93 (score 86.5),Rank ≤ #100  (low ATK / high bulk),Thunder Shock / Wild Charge / Aura Sphere,1,2
,,ML,Raikou (Shadow) #73 (score 79.6),IV% ≥96% or 15 ATK  (high ATK),Thunder Shock / Wild Charge / Aura Sphere,1,
246,Larvitar,ML,Tyranitar (Shadow) #63 (score 80.8),IV% ≥96% or 15 ATK  (high ATK),Dragon Breath / Brutal Swing / Stone Edge,1,1
249,Lugia,ML,Lugia #14 (score 92.4),IV% ≥96% or 15 ATK  (high ATK),Dragon Tail / Aeroblast / Earth Power,1,2
,,ML,Lugia (Shadow) #22 (score 90.1),IV% ≥96% or 15 ATK  (high ATK),Dragon Tail / Aeroblast / Earth Power,1,
250,Ho-Oh,ML,Ho-Oh #24 (score 89.5),IV% ≥96% or 15 ATK  (high ATK),Incinerate / Brave Bird / Sacred Fire,1,2
,,ML,Ho-Oh (Shadow) #54 (score 82.8),IV% ≥96% or 15 ATK  (high ATK),Incinerate / Brave Bird / Sacred Fire,1,
258,Mudkip,GL,Swampert #78 (score 88.3),Rank ≤ #100  (low ATK / high bulk),Mud Shot / Hydro Cannon / Earthquake,1,4
,,UL,Swampert #48 (score 88.7),Rank ≤ #100  (low ATK / high bulk),Mud Shot / Hydro Cannon / Earthquake,1,
,,GL,Swampert (Shadow) #79 (score 88.3),Rank ≤ #100  (low ATK / high bulk),Mud Shot / Hydro Cannon / Earthquake,1,
,,UL,Swampert (Shadow) #89 (score 86.7),Rank ≤ #100  (low ATK / high bulk),Mud Shot / Hydro Cannon / Earthquake,1,
283,Surskit,LC,Surskit #46 (score 76.3),Rank ≤ #100  (low ATK / high bulk),Bug Bite / Aqua Jet / Signal Beam,1,1
287,Slakoth,GL,Vigoroth #21 (score 90.6),Rank ≤ #100  (low ATK / high bulk),Scratch / Body Slam / Bulldoze,1,2
,,GL,Vigoroth (Shadow) #37 (score 90.1),Rank ≤ #100  (low ATK / high bulk),Scratch / Brick Break / Rock Slide,1,
298,Azurill,GL,Azumarill #32 (score 90.1),Rank ≤ #100  (low ATK / high bulk),Bubble / Ice Beam / Play Rough,1,1
302,Sableye,GL,Sableye #36 (score 90.1),Rank ≤ #100  (low ATK / high bulk),Shadow Claw / Foul Play / Power Gem,1,2
,,GL,Sableye (Shadow) #18 (score 90.7),Rank ≤ #100  (low ATK / high bulk),Shadow Claw / Foul Play / Drain Punch,1,
307,Meditite,GL,Medicham #54 (score 89.5),Rank ≤ #100  (low ATK / high bulk),Psycho Cut / Ice Punch / Dynamic Punch,1,1
318,Carvanha,LC,Carvanha #17 (score 84.9),Rank ≤ #100  (low ATK / high bulk),Bite / Aqua Jet / Poison Fang,1,2
,,LC,Carvanha (Shadow) #3 (score 89.9),Rank ≤ #100  (low ATK / high bulk),Bite / Aqua Jet / Poison Fang,1,
320,Wailmer,LC,Wailmer (Shadow) #33 (score 78.1),Rank ≤ #100  (low ATK / high bulk),Rollout / Body Slam / Scald,1,1
322,Numel,LC,Numel (Shadow) #50 (score 75.3),Rank ≤ #100  (low ATK / high bulk),Ember / Stomp / Bulldoze,1,1
325,Spoink,GL,Grumpig #91 (score 87.5),Rank ≤ #100  (low ATK / high bulk),Psywave / Dynamic Punch / Shadow Ball,1,1
333,Swablu,GL,Altaria #2 (score 93),Rank ≤ #100  (low ATK / high bulk),Dragon Breath / Moonblast / Flamethrower,1,2
,,GL,Altaria (Shadow) #9 (score 91.7),Rank ≤ #100  (low ATK / high bulk),Dragon Breath / Moonblast / Flamethrower,1,
339,Barboach,LC,Barboach #32 (score 79.8),Rank ≤ #100  (low ATK / high bulk),Mud Shot / Mud Bomb / Aqua Tail,1,2
,,LC,Barboach (Shadow) #21 (score 82.4),Rank ≤ #100  (low ATK / high bulk),Mud Shot / Mud Bomb / Aqua Tail,1,
345,Lileep,GL,Cradily #66 (score 88.9),Rank ≤ #100  (low ATK / high bulk),Acid / Rock Tomb / Grass Knot,1,5
,,UL,Cradily #78 (score 87.2),Rank ≤ #100  (low ATK / high bulk),Acid / Rock Tomb / Grass Knot,1,
,,UL,Cradily (Shadow) #53 (score 88.5),Rank ≤ #100  (low ATK / high bulk),Acid / Rock Tomb / Grass Knot,1,
,,LC,Lileep #18 (score 84.8),Rank ≤ #100  (low ATK / high bulk),Acid / Ancient Power / Grass Knot,1,
,,LC,Lileep (Shadow) #14 (score 86.3),Rank ≤ #100  (low ATK / high bulk),Acid / Ancient Power / Grass Knot,1,
349,Feebas,UL,Milotic #71 (score 87.6),Rank ≤ #100  (low ATK / high bulk),Waterfall / Aqua Tail / Wrap,1,2
,,UL,Milotic (Shadow) #50 (score 88.6),Rank ≤ #100  (low ATK / high bulk),Waterfall / Aqua Tail / Wrap,1,
355,Duskull,GL,Dusclops #76 (score 88.3),Rank ≤ #100  (low ATK / high bulk),Hex / Ice Punch / Shadow Punch,1,6
,,GL,Dusclops (Shadow) #70 (score 88.8),Rank ≤ #100  (low ATK / high bulk),Hex / Ice Punch / Shadow Punch,1,
,,GL,Dusknoir #94 (score 87.3),Rank ≤ #100  (low ATK / high bulk),Astonish / Dynamic Punch / Shadow Punch,1,
,,UL,Dusknoir #24 (score 90.3),Rank ≤ #100  (low ATK / high bulk),Astonish / Dynamic Punch / Shadow Punch,1,
,,GL,Dusknoir (Shadow) #75 (score 88.4),Rank ≤ #100  (low ATK / high bulk),Astonish / Dynamic Punch / Shadow Punch,1,
,,UL,Dusknoir (Shadow) #27 (score 90.2),Rank ≤ #100  (low ATK / high bulk),Astonish / Dynamic Punch / Shadow Punch,1,
363,Spheal,GL,Sealeo #98 (score 87.3),Rank ≤ #100  (low ATK / high bulk),Powder Snow / Surf / Body Slam,1,3
,,UL,Walrein #40 (score 89.1),Rank ≤ #100  (low ATK / high bulk),Powder Snow / Icicle Spear / Earthquake,1,
,,UL,Walrein (Shadow) #41 (score 89.1),Rank ≤ #100  (low ATK / high bulk),Powder Snow / Icicle Spear / Earthquake,1,
371,Bagon,GL,Shelgon (Shadow) #92 (score 87.5),Rank ≤ #100  (low ATK / high bulk),Dragon Breath / Twister / Flamethrower,1,1
374,Beldum,ML,Metagross #4 (score 94.3),IV% ≥96% or 15 ATK  (high ATK),Shadow Claw / Meteor Mash / Earthquake,1,2
,,ML,Metagross (Shadow) #27 (score 88.8),IV% ≥96% or 15 ATK  (high ATK),Shadow Claw / Meteor Mash / Earthquake,1,
379,Registeel,GL,Registeel #89 (score 87.6),Rank ≤ #100  (low ATK / high bulk),Lock On / Flash Cannon / Focus Blast,1,2
,,UL,Registeel #28 (score 90.2),Rank ≤ #100  (low ATK / high bulk),Lock On / Flash Cannon / Focus Blast,1,
380,Latias,ML,Latias #62 (score 81.1),IV% ≥96% or 15 ATK  (high ATK),Dragon Breath / Aura Sphere / Mist Ball,1,2
,,ML,Latias (Shadow) #56 (score 82.1),IV% ≥96% or 15 ATK  (high ATK),Dragon Breath / Aura Sphere / Mist Ball,1,
381,Latios,ML,Latios #49 (score 83.6),IV% ≥96% or 15 ATK  (high ATK),Dragon Breath / Aura Sphere / Luster Purge,1,2
,,ML,Latios (Shadow) #36 (score 86.1),IV% ≥96% or 15 ATK  (high ATK),Dragon Breath / Aura Sphere / Luster Purge,1,
382,Kyogre,ML,Kyogre #7 (score 94),IV% ≥96% or 15 ATK  (high ATK),Waterfall / Avalanche / Origin Pulse,1,2
,,ML,Kyogre (Shadow) #32 (score 86.8),IV% ≥96% or 15 ATK  (high ATK),Waterfall / Avalanche / Origin Pulse,1,
383,Groudon,ML,Groudon #26 (score 88.8),IV% ≥96% or 15 ATK  (high ATK),Dragon Tail / Fire Punch / Precipice Blades,1,2
,,ML,Groudon (Shadow) #52 (score 83.4),IV% ≥96% or 15 ATK  (high ATK),Dragon Tail / Fire Punch / Precipice Blades,1,
385,Jirachi,ML,Jirachi #61 (score 81.1),IV% ≥96% or 15 ATK  (high ATK),Confusion / Doom Desire / Aura Sphere,1,1
386,Deoxys,GL,Deoxys (Defense) #33 (score 90.1),Rank ≤ #100  (low ATK / high bulk),Low Kick / Psycho Boost / Thunderbolt,1,2
,,UL,Deoxys (Defense) #42 (score 89),Rank ≤ #100  (low ATK / high bulk),Low Kick / Psycho Boost / Thunderbolt,1,
387,Turtwig,LC,Turtwig (Shadow) #29 (score 80.2),Rank ≤ #100  (low ATK / high bulk),Razor Leaf / Body Slam / Seed Bomb,1,1
393,Piplup,GL,Empoleon #23 (score 90.4),Rank ≤ #100  (low ATK / high bulk),Metal Sound / Hydro Cannon / Drill Peck,1,4
,,UL,Empoleon #8 (score 92.1),Rank ≤ #100  (low ATK / high bulk),Metal Sound / Hydro Cannon / Drill Peck,1,
,,GL,Empoleon (Shadow) #24 (score 90.4),Rank ≤ #100  (low ATK / high bulk),Metal Sound / Hydro Cannon / Drill Peck,1,
,,UL,Empoleon (Shadow) #9 (score 92.1),Rank ≤ #100  (low ATK / high bulk),Metal Sound / Hydro Cannon / Drill Peck,1,
406,Budew,LC,Budew #26 (score 80.6),Rank ≤ #100  (low ATK / high bulk),Razor Leaf / Grass Knot / Energy Ball,1,1
417,Pachirisu,GL,Pachirisu #65 (score 89),Rank ≤ #100  (low ATK / high bulk),Volt Switch / Thunderbolt / Thunder Punch,1,1
422,Shellos,UL,Gastrodon #98 (score 86.3),Rank ≤ #100  (low ATK / high bulk),Mud Slap / Body Slam / Earth Power,1,2
,,LC,Shellos #22 (score 81.4),Rank ≤ #100  (low ATK / high bulk),Mud Slap / Body Slam / Mud Bomb,1,
443,Gible,ML,Garchomp #30 (score 87.7),IV% ≥96% or 15 ATK  (high ATK),Dragon Tail / Twister / Earth Power,1,2
,,ML,Garchomp (Shadow) #25 (score 88.8),IV% ≥96% or 15 ATK  (high ATK),Dragon Tail / Twister / Earth Power,1,
446,Munchlax,GL,Snorlax #27 (score 90.3),Rank ≤ #100  (low ATK / high bulk),Psywave / Body Slam / Earthquake,1,4
,,UL,Snorlax #11 (score 92.1),Rank ≤ #100  (low ATK / high bulk),Psywave / Body Slam / Earthquake,1,
,,GL,Snorlax (Shadow) #40 (score 90),Rank ≤ #100  (low ATK / high bulk),Psywave / Body Slam / Super Power,1,
,,UL,Snorlax (Shadow) #3 (score 93.7),Rank ≤ #100  (low ATK / high bulk),Psywave / Body Slam / Earthquake,1,
449,Hippopotas,GL,Hippowdon #50 (score 89.6),Rank ≤ #100  (low ATK / high bulk),Sand Attack / Weather Ball Rock / Earth Power,1,4
,,UL,Hippowdon #96 (score 86.4),Rank ≤ #100  (low ATK / high bulk),Sand Attack / Weather Ball Rock / Earth Power,1,
,,GL,Hippowdon (Shadow) #61 (score 89.2),Rank ≤ #100  (low ATK / high bulk),Sand Attack / Weather Ball Rock / Earth Power,1,
,,UL,Hippowdon (Shadow) #91 (score 86.6),Rank ≤ #100  (low ATK / high bulk),Sand Attack / Weather Ball Rock / Earth Power,1,
451,Skorupi,UL,Drapion #90 (score 86.6),Rank ≤ #100  (low ATK / high bulk),Poison Sting / Crunch / Aqua Tail,1,2
,,GL,Drapion (Shadow) #99 (score 87.2),Rank ≤ #100  (low ATK / high bulk),Poison Sting / Crunch / Aqua Tail,1,
458,Mantyke,GL,Mantine #26 (score 90.3),Rank ≤ #100  (low ATK / high bulk),Wing Attack / Twister / Water Pulse,1,2
,,LC,Mantyke #48 (score 75.5),Rank ≤ #100  (low ATK / high bulk),Bubble / Aerial Ace / Ice Beam,1,
483,Dialga,ML,Dialga #44 (score 84.2),IV% ≥96% or 15 ATK  (high ATK),Dragon Breath / Iron Head / Draco Meteor,1,3
,,ML,Dialga (Origin) #8 (score 93.9),IV% ≥96% or 15 ATK  (high ATK),Dragon Breath / Roar Of Time / Iron Head,1,
,,ML,Dialga (Shadow) #42 (score 85),IV% ≥96% or 15 ATK  (high ATK),Dragon Breath / Iron Head / Draco Meteor,1,
484,Palkia,ML,Palkia #33 (score 86.2),IV% ≥96% or 15 ATK  (high ATK),Dragon Breath / Aqua Tail / Fire Blast,1,3
,,ML,Palkia (Origin) #1 (score 98.7),IV% ≥96% or 15 ATK  (high ATK),Dragon Breath / Aqua Tail / Spacial Rend,1,
,,ML,Palkia (Shadow) #23 (score 89.8),IV% ≥96% or 15 ATK  (high ATK),Dragon Breath / Aqua Tail / Draco Meteor,1,
485,Heatran,ML,Heatran (Shadow) #71 (score 79.9),IV% ≥96% or 15 ATK  (high ATK),Fire Spin / Magma Storm / Earth Power,1,1
487,Giratina,UL,Giratina (Altered) #17 (score 91),Rank ≤ #100  (low ATK / high bulk),Dragon Breath / Ancient Power / Shadow Force,1,4
,,ML,Giratina (Altered) #50 (score 83.5),IV% ≥96% or 15 ATK  (high ATK),Dragon Breath / Dragon Claw / Shadow Sneak,1,
,,UL,Giratina (Altered) (Shadow) #32 (score 89.9),Rank ≤ #100  (low ATK / high bulk),Dragon Breath / Ancient Power / Shadow Sneak,1,
,,ML,Giratina (Altered) (Shadow) #38 (score 85.8),IV% ≥96% or 15 ATK  (high ATK),Dragon Breath / Dragon Claw / Shadow Sneak,1,
488,Cresselia,UL,Cresselia #35 (score 89.4),Rank ≤ #100  (low ATK / high bulk),Psycho Cut / Grass Knot / Moonblast,1,2
,,UL,Cresselia (Shadow) #46 (score 88.7),Rank ≤ #100  (low ATK / high bulk),Psycho Cut / Grass Knot / Moonblast,1,
501,Oshawott,UL,Samurott #65 (score 88),Rank ≤ #100  (low ATK / high bulk),Fury Cutter / Hydro Cannon / Megahorn,1,2
,,UL,Samurott (Shadow) #99 (score 86.3),Rank ≤ #100  (low ATK / high bulk),Fury Cutter / Hydro Cannon / Megahorn,1,
532,Timburr,ML,Conkeldurr (Shadow) #64 (score 80.7),IV% ≥96% or 15 ATK  (high ATK),Force Palm / Dynamic Punch / Brutal Swing,1,1
535,Tympole,GL,Seismitoad #83 (score 88.1),Rank ≤ #100  (low ATK / high bulk),Mud Shot / Earth Power / Icy Wind,1,2
,,UL,Seismitoad #58 (score 88.3),Rank ≤ #100  (low ATK / high bulk),Mud Shot / Earth Power / Icy Wind,1,
540,Sewaddle,LC,Sewaddle #45 (score 76.3),Rank ≤ #100  (low ATK / high bulk),Bug Bite / Seed Bomb / Silver Wind,1,1
546,Cottonee,LC,Cottonee #42 (score 76.3),Rank ≤ #100  (low ATK / high bulk),Charm / Grass Knot / Seed Bomb,1,1
562,Yamask,UL,Cofagrigus #85 (score 86.9),Rank ≤ #100  (low ATK / high bulk),Shadow Claw / Shadow Ball / Energy Ball,1,2
,,UL,Runerigus #43 (score 89),Rank ≤ #100  (low ATK / high bulk),Shadow Claw / Rock Tomb / Shadow Ball,1,
564,Tirtouga,LC,Tirtouga #40 (score 76.7),Rank ≤ #100  (low ATK / high bulk),Water Gun / Ancient Power / Body Slam,1,1
580,Ducklett,LC,Ducklett #2 (score 93),Rank ≤ #100  (low ATK / high bulk),Wing Attack / Brave Bird / Aerial Ace,1,2
,,LC,Ducklett (Shadow) #13 (score 86.4),Rank ≤ #100  (low ATK / high bulk),Wing Attack / Brave Bird / Aerial Ace,1,
590,Foongus,LC,Foongus #6 (score 88.6),Rank ≤ #100  (low ATK / high bulk),Astonish / Body Slam / Grass Knot,1,2
,,LC,Foongus (Shadow) #10 (score 87.2),Rank ≤ #100  (low ATK / high bulk),Astonish / Grass Knot / Body Slam,1,
592,Frillish,LC,Frillish #7 (score 87.6),Rank ≤ #100  (low ATK / high bulk),Hex / Night Shade / Ice Beam,1,3
,,GL,Jellicent #22 (score 90.5),Rank ≤ #100  (low ATK / high bulk),Hex / Surf / Shadow Ball,1,
,,UL,Jellicent #16 (score 91.2),Rank ≤ #100  (low ATK / high bulk),Hex / Surf / Shadow Ball,1,
597,Ferroseed,LC,Ferroseed #24 (score 80.9),Rank ≤ #100  (low ATK / high bulk),Tackle / Iron Head / Flash Cannon,1,1
607,Litwick,LC,Litwick #16 (score 85.6),Rank ≤ #100  (low ATK / high bulk),Astonish / Mystical Fire / Flame Charge,1,2
,,LC,Litwick (Shadow) #19 (score 84.1),Rank ≤ #100  (low ATK / high bulk),Astonish / Mystical Fire / Flame Charge,1,
618,Stunfisk,GL,Stunfisk #20 (score 90.6),Rank ≤ #100  (low ATK / high bulk),Thunder Shock / Mud Bomb / Discharge,1,2
,,GL,Stunfisk (Galarian) #86 (score 87.8),Rank ≤ #100  (low ATK / high bulk),Mud Shot / Rock Slide / Earthquake,1,
629,Vullaby,GL,Mandibuzz #51 (score 89.6),Rank ≤ #100  (low ATK / high bulk),Snarl / Dark Pulse / Shadow Ball,1,1
633,Deino,GL,Hydreigon (Shadow) #56 (score 89.3),Rank ≤ #100  (low ATK / high bulk),Dragon Breath / Brutal Swing / Fly,1,2
,,ML,Hydreigon (Shadow) #53 (score 83.2),IV% ≥96% or 15 ATK  (high ATK),Dragon Breath / Brutal Swing / Fly,1,
638,Cobalion,UL,Cobalion #94 (score 86.4),Rank ≤ #100  (low ATK / high bulk),Double Kick / Sacred Sword / Stone Edge,1,1
640,Virizion,UL,Virizion #6 (score 92.3),Rank ≤ #100  (low ATK / high bulk),Double Kick / Leaf Blade / Sacred Sword,1,1
643,Reshiram,ML,Reshiram #9 (score 93.9),IV% ≥96% or 15 ATK  (high ATK),Dragon Breath / Fusion Flare / Draco Meteor,1,2
,,ML,Reshiram (Shadow) #12 (score 92.8),IV% ≥96% or 15 ATK  (high ATK),Dragon Breath / Fusion Flare / Draco Meteor,1,
644,Zekrom,ML,Zekrom #20 (score 90.5),IV% ≥96% or 15 ATK  (high ATK),Dragon Breath / Outrage / Fusion Bolt,1,1
645,Landorus,ML,Landorus (Therian) #40 (score 85.7),IV% ≥96% or 15 ATK  (high ATK),Mud Shot / Sandsear Storm / Stone Edge,1,1
646,Kyurem,ML,Kyurem #46 (score 83.9),IV% ≥96% or 15 ATK  (high ATK),Dragon Breath / Glaciate / Dragon Claw,1,3
,,ML,Kyurem (Black) #13 (score 92.7),IV% ≥96% or 15 ATK  (high ATK),Dragon Tail / Freeze Shock / Fusion Bolt,1,
,,ML,Kyurem (White) #5 (score 94.2),IV% ≥96% or 15 ATK  (high ATK),Dragon Breath / Fusion Flare / Ice Burn,1,
647,Keldeo,ML,Keldeo (Ordinary) #35 (score 86.1),IV% ≥96% or 15 ATK  (high ATK),Low Kick / Aqua Jet / Sacred Sword,1,2
,,ML,Keldeo (Resolute) #29 (score 88.4),IV% ≥96% or 15 ATK  (high ATK),Low Kick / Secret Sword / Aqua Jet,1,
648,Meloetta,ML,Meloetta (Aria) #43 (score 85),IV% ≥96% or 15 ATK  (high ATK),Confusion / Psyshock / Dazzling Gleam,1,1
649,Genesect,ML,Genesect (Chill) #72 (score 79.7),IV% ≥96% or 15 ATK  (high ATK),Fury Cutter / Magnet Bomb / Techno Blast Chill,1,3
,,UL,Genesect (Shock) #88 (score 86.7),Rank ≤ #100  (low ATK / high bulk),Fury Cutter / Magnet Bomb / Techno Blast Shock,1,
,,ML,Genesect (Shock) #70 (score 79.9),IV% ≥96% or 15 ATK  (high ATK),Fury Cutter / Magnet Bomb / Techno Blast Shock,1,
653,Fennekin,LC,Fennekin #38 (score 77.4),Rank ≤ #100  (low ATK / high bulk),Ember / Psyshock / Flame Charge,1,1
659,Bunnelby,GL,Diggersby #59 (score 89.2),Rank ≤ #100  (low ATK / high bulk),Mud Shot / Fire Punch / Scorching Sands,1,1
661,Fletchling,GL,Talonflame #84 (score 88),Rank ≤ #100  (low ATK / high bulk),Incinerate / Fly / Brave Bird,1,3
,,UL,Talonflame #38 (score 89.2),Rank ≤ #100  (low ATK / high bulk),Incinerate / Fly / Brave Bird,1,
,,UL,Talonflame (Shadow) #56 (score 88.4),Rank ≤ #100  (low ATK / high bulk),Incinerate / Fly / Brave Bird,1,
667,Litleo,LC,Litleo #43 (score 76.3),Rank ≤ #100  (low ATK / high bulk),Incinerate / Crunch / Flame Charge,1,1
669,Flabebe,GL,Florges #11 (score 91.4),Rank ≤ #100  (low ATK / high bulk),Fairy Wind / Chilling Water / Moonblast,1,3
,,UL,Florges #12 (score 92),Rank ≤ #100  (low ATK / high bulk),Fairy Wind / Chilling Water / Disarming Voice,1,
,,ML,Florges #39 (score 85.7),IV% ≥96% or 15 ATK  (high ATK),Fairy Wind / Moonblast / Chilling Water,1,
679,Honedge,GL,Aegislash (Blade) #80 (score 88.2),Rank ≤ #100  (low ATK / high bulk),Aegislash Charge Psycho Cut / Shadow Ball / Gyro Ball,1,3
,,GL,Doublade #74 (score 88.5),Rank ≤ #100  (low ATK / high bulk),Shadow Claw / Sacred Sword / Iron Head,1,
,,UL,Doublade #95 (score 86.4),Rank ≤ #100  (low ATK / high bulk),Shadow Claw / Sacred Sword / Iron Head,1,
682,Spritzee,UL,Aromatisse #82 (score 87),Rank ≤ #100  (low ATK / high bulk),Fairy Wind / Moonblast / Psyshock,1,1
686,Inkay,GL,Malamar #42 (score 89.9),Rank ≤ #100  (low ATK / high bulk),Psywave / Super Power / Foul Play,1,4
,,UL,Malamar #62 (score 88.1),Rank ≤ #100  (low ATK / high bulk),Psywave / Super Power / Foul Play,1,
,,GL,Malamar (Shadow) #45 (score 89.8),Rank ≤ #100  (low ATK / high bulk),Psywave / Foul Play / Super Power,1,
,,UL,Malamar (Shadow) #54 (score 88.5),Rank ≤ #100  (low ATK / high bulk),Psywave / Foul Play / Super Power,1,
688,Binacle,LC,Binacle #15 (score 85.8),Rank ≤ #100  (low ATK / high bulk),Mud Slap / Ancient Power / Cross Chop,1,1
690,Skrelp,LC,Skrelp #1 (score 95.9),Rank ≤ #100  (low ATK / high bulk),Acid / Aqua Tail / Sludge Bomb,1,1
703,Carbink,GL,Carbink #46 (score 89.7),Rank ≤ #100  (low ATK / high bulk),Rock Throw / Rock Slide / Moonblast,1,1
704,Goomy,ML,Goodra #55 (score 82.6),IV% ≥96% or 15 ATK  (high ATK),Dragon Breath / Aqua Tail / Draco Meteor,1,1
710,Pumpkaboo,GL,Gourgeist (Average) #95 (score 87.3),Rank ≤ #100  (low ATK / high bulk),Incinerate / Shadow Ball / Seed Bomb,1,7
,,GL,Gourgeist (Large) #88 (score 87.6),Rank ≤ #100  (low ATK / high bulk),Incinerate / Shadow Ball / Seed Bomb,1,
,,GL,Gourgeist (Super) #90 (score 87.5),Rank ≤ #100  (low ATK / high bulk),Incinerate / Shadow Ball / Seed Bomb,1,
,,LC,Pumpkaboo (Average) #9 (score 87.3),Rank ≤ #100  (low ATK / high bulk),Astonish / Grass Knot / Foul Play,1,
,,LC,Pumpkaboo (Large) #11 (score 87.2),Rank ≤ #100  (low ATK / high bulk),Astonish / Grass Knot / Foul Play,1,
,,LC,Pumpkaboo (Small) #12 (score 86.5),Rank ≤ #100  (low ATK / high bulk),Astonish / Grass Knot / Foul Play,1,
,,LC,Pumpkaboo (Super) #5 (score 88.9),Rank ≤ #100  (low ATK / high bulk),Astonish / Grass Knot / Foul Play,1,
716,Xerneas,ML,Xerneas #6 (score 94.2),IV% ≥96% or 15 ATK  (high ATK),Geomancy / Close Combat / Moonblast,1,1
717,Yveltal,ML,Yveltal #37 (score 85.9),IV% ≥96% or 15 ATK  (high ATK),Sucker Punch / Dark Pulse / Oblivion Wing,1,1
718,Zygarde,UL,Zygarde (Complete Forme) #7 (score 92.2),Rank ≤ #100  (low ATK / high bulk),Dragon Tail / Crunch / Bulldoze,1,2
,,ML,Zygarde (Complete Forme) #3 (score 94.4),IV% ≥96% or 15 ATK  (high ATK),Dragon Tail / Crunch / Bulldoze,1,
728,Popplio,UL,Primarina #51 (score 88.6),Rank ≤ #100  (low ATK / high bulk),Waterfall / Hydro Cannon / Moonblast,1,2
,,ML,Primarina #45 (score 84.1),IV% ≥96% or 15 ATK  (high ATK),Waterfall / Moonblast / Hydro Cannon,1,
731,Pikipek,UL,Toucannon #49 (score 88.7),Rank ≤ #100  (low ATK / high bulk),Peck / Beak Blast / Drill Peck,1,2
,,UL,Toucannon (Shadow) #63 (score 88.1),Rank ≤ #100  (low ATK / high bulk),Peck / Beak Blast / Drill Peck,1,
736,Grubbin,GL,Charjabug #41 (score 89.9),Rank ≤ #100  (low ATK / high bulk),Volt Switch / X Scissor / Discharge,1,2
,,GL,Charjabug (Shadow) #47 (score 89.7),Rank ≤ #100  (low ATK / high bulk),Volt Switch / X Scissor / Discharge,1,
751,Dewpider,GL,Araquanid #16 (score 90.8),Rank ≤ #100  (low ATK / high bulk),Infestation / Water Pulse / Mirror Coat,1,3
,,GL,Araquanid (Shadow) #29 (score 90.2),Rank ≤ #100  (low ATK / high bulk),Infestation / Water Pulse / Mirror Coat,1,
,,LC,Dewpider #8 (score 87.3),Rank ≤ #100  (low ATK / high bulk),Bug Bite / Mirror Coat / Bubble Beam,1,
753,Fomantis,LC,Fomantis #4 (score 89.4),Rank ≤ #100  (low ATK / high bulk),Fury Cutter / Leaf Blade / Trailblaze,1,1
765,Oranguru,GL,Oranguru #96 (score 87.3),Rank ≤ #100  (low ATK / high bulk),Confusion / Brutal Swing / Trailblaze,1,2
,,UL,Oranguru #76 (score 87.4),Rank ≤ #100  (low ATK / high bulk),Confusion / Brutal Swing / Trailblaze,1,
767,Wimpod,UL,Golisopod #69 (score 87.7),Rank ≤ #100  (low ATK / high bulk),Fury Cutter / X Scissor / Aqua Jet,1,1
776,Turtonator,GL,Turtonator #64 (score 89.1),Rank ≤ #100  (low ATK / high bulk),Incinerate / Brutal Swing / Dragon Claw,1,2
,,UL,Turtonator #70 (score 87.7),Rank ≤ #100  (low ATK / high bulk),Incinerate / Brutal Swing / Dragon Claw,1,
778,Mimikyu,GL,Mimikyu (Busted) #6 (score 92.1),Rank ≤ #100  (low ATK / high bulk),Shadow Claw / Shadow Sneak / Play Rough,1,2
,,UL,Mimikyu (Busted) #10 (score 92.1),Rank ≤ #100  (low ATK / high bulk),Shadow Claw / Shadow Sneak / Play Rough,1,
786,Tapu Lele,ML,Tapu Lele #59 (score 81.6),IV% ≥96% or 15 ATK  (high ATK),Astonish / Psyshock / Natures Madness,1,1
789,Cosmog,ML,Lunala #15 (score 92.3),IV% ≥96% or 15 ATK  (high ATK),Shadow Claw / Shadow Ball / Moonblast,1,2
,,ML,Solgaleo #41 (score 85.7),IV% ≥96% or 15 ATK  (high ATK),Fire Spin / Psychic Fangs / Iron Head,1,
799,Guzzlord,GL,Guzzlord #44 (score 89.8),Rank ≤ #100  (low ATK / high bulk),Dragon Tail / Brutal Swing / Sludge Bomb,1,2
,,UL,Guzzlord #19 (score 90.9),Rank ≤ #100  (low ATK / high bulk),Dragon Tail / Brutal Swing / Sludge Bomb,1,
800,Necrozma,ML,Necrozma (Dawn Wings) #18 (score 91.7),IV% ≥96% or 15 ATK  (high ATK),Shadow Claw / Dark Pulse / Moongeist Beam,1,2
,,ML,Necrozma (Dusk Mane) #21 (score 90.4),IV% ≥96% or 15 ATK  (high ATK),Shadow Claw / Dark Pulse / Sunsteel Strike,1,
802,Marshadow,ML,Marshadow #19 (score 90.6),IV% ≥96% or 15 ATK  (high ATK),Shadow Claw / Close Combat / Ice Punch,1,1
808,Meltan,GL,Melmetal #1 (score 94.5),Rank ≤ #100  (low ATK / high bulk),Thunder Shock / Double Iron Bash / Dynamic Punch,1,3
,,UL,Melmetal #5 (score 92.7),Rank ≤ #100  (low ATK / high bulk),Thunder Shock / Double Iron Bash / Dynamic Punch,1,
,,ML,Melmetal #28 (score 88.5),IV% ≥96% or 15 ATK  (high ATK),Thunder Shock / Double Iron Bash / Dynamic Punch,1,
810,Grookey,LC,Grookey #34 (score 77.9),Rank ≤ #100  (low ATK / high bulk),Razor Leaf / Grass Knot / Energy Ball,1,4
,,GL,Rillaboom #35 (score 90.1),Rank ≤ #100  (low ATK / high bulk),Scratch / Drum Beating / Earth Power,1,
,,UL,Rillaboom #21 (score 90.6),Rank ≤ #100  (low ATK / high bulk),Scratch / Drum Beating / Earth Power,1,
,,ML,Rillaboom #34 (score 86.2),IV% ≥96% or 15 ATK  (high ATK),Scratch / Drum Beating / Earth Power,1,
821,Rookidee,GL,Corviknight #7 (score 92),Rank ≤ #100  (low ATK / high bulk),Sand Attack / Air Cutter / Iron Head,1,4
,,UL,Corviknight #2 (score 94),Rank ≤ #100  (low ATK / high bulk),Sand Attack / Air Cutter / Iron Head,1,
,,GL,Corviknight (Shadow) #10 (score 91.4),Rank ≤ #100  (low ATK / high bulk),Sand Attack / Air Cutter / Iron Head,1,
,,UL,Corviknight (Shadow) #4 (score 93.4),Rank ≤ #100  (low ATK / high bulk),Sand Attack / Air Cutter / Payback,1,
827,Nickit,GL,Thievul #15 (score 90.9),Rank ≤ #100  (low ATK / high bulk),Sucker Punch / Night Slash / Icy Wind,1,1
845,Cramorant,GL,Cramorant #4 (score 92.4),Rank ≤ #100  (low ATK / high bulk),Peck / Dive / Fly,1,2
,,UL,Cramorant #18 (score 90.9),Rank ≤ #100  (low ATK / high bulk),Peck / Dive / Fly,1,
877,Morpeko,GL,Morpeko (Hangry) #52 (score 89.6),Rank ≤ #100  (low ATK / high bulk),Thunder Shock / Aura Wheel Electric / Psychic Fangs,1,1
888,Zacian,ML,Zacian (Crowned Sword) #2 (score 97.8),IV% ≥96% or 15 ATK  (high ATK),Metal Claw / Close Combat / Behemoth Blade,1,1
889,Zamazenta,ML,Zamazenta (Crowned Shield) #16 (score 92.3),IV% ≥96% or 15 ATK  (high ATK),Ice Fang / Close Combat / Behemoth Bash,1,1
890,Eternatus,ML,Eternatus #11 (score 92.8),IV% ≥96% or 15 ATK  (high ATK),Dragon Tail / Dynamax Cannon / Flamethrower,1,1
891,Kubfu,ML,Urshifu (Single Strike) #74 (score 79.6),IV% ≥96% or 15 ATK  (high ATK),Sucker Punch / Dynamic Punch / Payback,1,1
895,Regidrago,GL,Regidrago #97 (score 87.3),Rank ≤ #100  (low ATK / high bulk),Dragon Breath / Dragon Energy / Vice Grip,1,2
,,UL,Regidrago #33 (score 89.8),Rank ≤ #100  (low ATK / high bulk),Dragon Breath / Dragon Energy / Vice Grip,1,
905,Enamorus,ML,Enamorus (Therian) #60 (score 81.1),IV% ≥96% or 15 ATK  (high ATK),Fairy Wind / Mystical Fire / Moonblast,1,1
909,Fuecoco,UL,Skeledirge #20 (score 90.7),Rank ≤ #100  (low ATK / high bulk),Incinerate / Torch Song / Shadow Ball,1,1
915,Lechonk,UL,Oinkologne (Female) #77 (score 87.3),Rank ≤ #100  (low ATK / high bulk),Take Down / Body Slam / Trailblaze,1,1
917,Tarountula,GL,Spidops #72 (score 88.7),Rank ≤ #100  (low ATK / high bulk),Shadow Claw / Lunge / Rock Tomb,1,1
938,Tadbulb,UL,Bellibolt #57 (score 88.3),Rank ≤ #100  (low ATK / high bulk),Sucker Punch / Parabolic Charge / Zap Cannon,1,1
957,Tinkatink,GL,Tinkaton #5 (score 92.2),Rank ≤ #100  (low ATK / high bulk),Fairy Wind / Gigaton Hammer / Bulldoze,1,2
,,UL,Tinkaton #1 (score 94.4),Rank ≤ #100  (low ATK / high bulk),Fairy Wind / Gigaton Hammer / Bulldoze,1,
962,Bombirdier,UL,Bombirdier #72 (score 87.5),Rank ≤ #100  (low ATK / high bulk),Sucker Punch / Fly / Drill Run,1,1
968,Orthworm,UL,Orthworm #80 (score 87.1),Rank ≤ #100  (low ATK / high bulk),Mud Slap / Iron Head / Rock Tomb,1,1
977,Dondozo,GL,Dondozo #49 (score 89.6),Rank ≤ #100  (low ATK / high bulk),Waterfall / Surf / Outrage,1,2
,,UL,Dondozo #26 (score 90.2),Rank ≤ #100  (low ATK / high bulk),Waterfall / Surf / Outrage,1,
996,Frigibax,ML,Baxcalibur #75 (score 79.5),IV% ≥96% or 15 ATK  (high ATK),Dragon Breath / Glaive Rush / Avalanche,1,1
999,Gimmighoul,ML,Gholdengo #47 (score 83.8),IV% ≥96% or 15 ATK  (high ATK),Hex / Shadow Ball / Focus Blast,1,1
