Section,Spawn,League / Purpose (other uses),Best form & rank,IV target,Moveset,Keep,Total
Little Cup — Top 50,Skrelp,—,Skrelp #1 (score 95.9),Rank ≤ #100  (low ATK / high bulk),Acid / Aqua Tail / Sludge Bomb,1,1
Little Cup — Top 50,Ducklett,—,Ducklett #2 (score 93),Rank ≤ #100  (low ATK / high bulk),Wing Attack / Brave Bird / Aerial Ace,1,1
Little Cup — Top 50,Carvanha (Shadow),—,Carvanha (Shadow) #3 (score 89.9),Rank ≤ #100  (low ATK / high bulk),Bite / Aqua Jet / Poison Fang,1,1
Little Cup — Top 50,Fomantis,—,Fomantis #4 (score 89.4),Rank ≤ #100  (low ATK / high bulk),Fury Cutter / Leaf Blade / Trailblaze,1,1
Little Cup — Top 50,Pumpkaboo (Super),—,Pumpkaboo (Super) #5 (score 88.9),Rank ≤ #100  (low ATK / high bulk),Astonish / Grass Knot / Foul Play,1,1
Little Cup — Top 50,Foongus,—,Foongus #6 (score 88.6),Rank ≤ #100  (low ATK / high bulk),Astonish / Body Slam / Grass Knot,1,1
Little Cup — Top 50,Frillish,—,Frillish #7 (score 87.6),Rank ≤ #100  (low ATK / high bulk),Hex / Night Shade / Ice Beam,1,1
Little Cup — Top 50,Dewpider,—,Dewpider #8 (score 87.3),Rank ≤ #100  (low ATK / high bulk),Bug Bite / Mirror Coat / Bubble Beam,1,1
Little Cup — Top 50,Pumpkaboo (Average),—,Pumpkaboo (Average) #9 (score 87.3),Rank ≤ #100  (low ATK / high bulk),Astonish / Grass Knot / Foul Play,1,1
Little Cup — Top 50,Foongus (Shadow),—,Foongus (Shadow) #10 (score 87.2),Rank ≤ #100  (low ATK / high bulk),Astonish / Grass Knot / Body Slam,1,1
Little Cup — Top 50,Pumpkaboo (Large),—,Pumpkaboo (Large) #11 (score 87.2),Rank ≤ #100  (low ATK / high bulk),Astonish / Grass Knot / Foul Play,1,1
Little Cup — Top 50,Pumpkaboo (Small),—,Pumpkaboo (Small) #12 (score 86.5),Rank ≤ #100  (low ATK / high bulk),Astonish / Grass Knot / Foul Play,1,1
Little Cup — Top 50,Ducklett (Shadow),—,Ducklett (Shadow) #13 (score 86.4),Rank ≤ #100  (low ATK / high bulk),Wing Attack / Brave Bird / Aerial Ace,1,1
Little Cup — Top 50,Lileep (Shadow),—,Lileep (Shadow) #14 (score 86.3),Rank ≤ #100  (low ATK / high bulk),Acid / Ancient Power / Grass Knot,1,1
Little Cup — Top 50,Binacle,—,Binacle #15 (score 85.8),Rank ≤ #100  (low ATK / high bulk),Mud Slap / Ancient Power / Cross Chop,1,1
Little Cup — Top 50,Litwick,—,Litwick #16 (score 85.6),Rank ≤ #100  (low ATK / high bulk),Astonish / Mystical Fire / Flame Charge,1,1
Little Cup — Top 50,Carvanha,—,Carvanha #17 (score 84.9),Rank ≤ #100  (low ATK / high bulk),Bite / Aqua Jet / Poison Fang,1,1
Little Cup — Top 50,Lileep,—,Lileep #18 (score 84.8),Rank ≤ #100  (low ATK / high bulk),Acid / Ancient Power / Grass Knot,1,1
Little Cup — Top 50,Litwick (Shadow),—,Litwick (Shadow) #19 (score 84.1),Rank ≤ #100  (low ATK / high bulk),Astonish / Mystical Fire / Flame Charge,1,1
Little Cup — Top 50,Tentacool,—,Tentacool #20 (score 82.8),Rank ≤ #100  (low ATK / high bulk),Poison Sting / Wrap / Water Pulse,1,1
Little Cup — Top 50,Barboach (Shadow),—,Barboach (Shadow) #21 (score 82.4),Rank ≤ #100  (low ATK / high bulk),Mud Shot / Mud Bomb / Aqua Tail,1,1
Little Cup — Top 50,Shellos,—,Shellos #22 (score 81.4),Rank ≤ #100  (low ATK / high bulk),Mud Slap / Body Slam / Mud Bomb,1,1
Little Cup — Top 50,Wooper,—,Wooper #23 (score 81.1),Rank ≤ #100  (low ATK / high bulk),Mud Shot / Mud Bomb / Body Slam,1,1
Little Cup — Top 50,Ferroseed,—,Ferroseed #24 (score 80.9),Rank ≤ #100  (low ATK / high bulk),Tackle / Iron Head / Flash Cannon,1,1
Little Cup — Top 50,Tentacool (Shadow),—,Tentacool (Shadow) #25 (score 80.9),Rank ≤ #100  (low ATK / high bulk),Poison Sting / Wrap / Water Pulse,1,1
Little Cup — Top 50,Budew,—,Budew #26 (score 80.6),Rank ≤ #100  (low ATK / high bulk),Razor Leaf / Grass Knot / Energy Ball,1,1
Little Cup — Top 50,Seel,—,Seel #27 (score 80.5),Rank ≤ #100  (low ATK / high bulk),Lick / Aqua Tail / Icy Wind,1,1
Little Cup — Top 50,Wooper (Shadow),—,Wooper (Shadow) #28 (score 80.3),Rank ≤ #100  (low ATK / high bulk),Mud Shot / Mud Bomb / Body Slam,1,1
Little Cup — Top 50,Turtwig (Shadow),—,Turtwig (Shadow) #29 (score 80.2),Rank ≤ #100  (low ATK / high bulk),Razor Leaf / Body Slam / Seed Bomb,1,1
Little Cup — Top 50,Chikorita (Shadow),—,Chikorita (Shadow) #30 (score 79.9),Rank ≤ #100  (low ATK / high bulk),Vine Whip / Grass Knot / Body Slam,1,1
Little Cup — Top 50,Oddish (Shadow),—,Oddish (Shadow) #31 (score 79.9),Rank ≤ #100  (low ATK / high bulk),Razor Leaf / Sludge Bomb / Seed Bomb,1,1
Little Cup — Top 50,Barboach,—,Barboach #32 (score 79.8),Rank ≤ #100  (low ATK / high bulk),Mud Shot / Mud Bomb / Aqua Tail,1,1
Little Cup — Top 50,Wailmer (Shadow),—,Wailmer (Shadow) #33 (score 78.1),Rank ≤ #100  (low ATK / high bulk),Rollout / Body Slam / Scald,1,1
Little Cup — Top 50,Grookey,—,Grookey #34 (score 77.9),Rank ≤ #100  (low ATK / high bulk),Razor Leaf / Grass Knot / Energy Ball,1,1
Little Cup — Top 50,Chikorita,—,Chikorita #35 (score 77.8),Rank ≤ #100  (low ATK / high bulk),Vine Whip / Body Slam / Grass Knot,1,1
Little Cup — Top 50,Cyndaquil (Shadow),—,Cyndaquil (Shadow) #36 (score 77.8),Rank ≤ #100  (low ATK / high bulk),Ember / Swift / Flame Charge,1,1
Little Cup — Top 50,Slowpoke (Shadow),—,Slowpoke (Shadow) #37 (score 77.6),Rank ≤ #100  (low ATK / high bulk),Confusion / Psyshock / Water Pulse,1,1
Little Cup — Top 50,Fennekin,—,Fennekin #38 (score 77.4),Rank ≤ #100  (low ATK / high bulk),Ember / Psyshock / Flame Charge,1,1
Little Cup — Top 50,Chinchou,—,Chinchou #39 (score 76.7),Rank ≤ #100  (low ATK / high bulk),Spark / Thunderbolt / Bubble Beam,1,1
Little Cup — Top 50,Tirtouga,—,Tirtouga #40 (score 76.7),Rank ≤ #100  (low ATK / high bulk),Water Gun / Ancient Power / Body Slam,1,1
Little Cup — Top 50,Vulpix,—,Vulpix #41 (score 76.4),Rank ≤ #100  (low ATK / high bulk),Ember / Weather Ball Fire / Body Slam,1,1
Little Cup — Top 50,Cottonee,—,Cottonee #42 (score 76.3),Rank ≤ #100  (low ATK / high bulk),Charm / Grass Knot / Seed Bomb,1,1
Little Cup — Top 50,Litleo,—,Litleo #43 (score 76.3),Rank ≤ #100  (low ATK / high bulk),Incinerate / Crunch / Flame Charge,1,1
Little Cup — Top 50,Oddish,—,Oddish #44 (score 76.3),Rank ≤ #100  (low ATK / high bulk),Razor Leaf / Sludge Bomb / Seed Bomb,1,1
Little Cup — Top 50,Sewaddle,—,Sewaddle #45 (score 76.3),Rank ≤ #100  (low ATK / high bulk),Bug Bite / Seed Bomb / Silver Wind,1,1
Little Cup — Top 50,Surskit,—,Surskit #46 (score 76.3),Rank ≤ #100  (low ATK / high bulk),Bug Bite / Aqua Jet / Signal Beam,1,1
Little Cup — Top 50,Slowpoke,—,Slowpoke #47 (score 76.2),Rank ≤ #100  (low ATK / high bulk),Confusion / Psyshock / Water Pulse,1,1
Little Cup — Top 50,Mantyke,—,Mantyke #48 (score 75.5),Rank ≤ #100  (low ATK / high bulk),Bubble / Aerial Ace / Ice Beam,1,1
Little Cup — Top 50,Omanyte,—,Omanyte #49 (score 75.5),Rank ≤ #100  (low ATK / high bulk),Mud Shot / Rock Tomb / Rock Blast,1,1
Little Cup — Top 50,Numel (Shadow),—,Numel (Shadow) #50 (score 75.3),Rank ≤ #100  (low ATK / high bulk),Ember / Stomp / Bulldoze,1,1
Great League — Top 100,Meltan,UL #5 · ML #28,Melmetal #1 (score 94.5),Rank ≤ #100  (low ATK / high bulk),Thunder Shock / Double Iron Bash / Dynamic Punch,1,3
Great League — Top 100,Swablu,—,Altaria #2 (score 93),Rank ≤ #100  (low ATK / high bulk),Dragon Breath / Moonblast / Flamethrower,1,1
Great League — Top 100,Vulpix (Shadow),UL #64,Ninetales (Shadow) #3 (score 93),Rank ≤ #100  (low ATK / high bulk),Ember / Weather Ball Fire / Energy Ball,1,2
Great League — Top 100,Cramorant,UL #18,Cramorant #4 (score 92.4),Rank ≤ #100  (low ATK / high bulk),Peck / Dive / Fly,1,2
Great League — Top 100,Tinkatink,UL #1,Tinkaton #5 (score 92.2),Rank ≤ #100  (low ATK / high bulk),Fairy Wind / Gigaton Hammer / Bulldoze,1,2
Great League — Top 100,Mimikyu,UL #10,Mimikyu (Busted) #6 (score 92.1),Rank ≤ #100  (low ATK / high bulk),Shadow Claw / Shadow Sneak / Play Rough,1,2
Great League — Top 100,Rookidee,UL #2,Corviknight #7 (score 92),Rank ≤ #100  (low ATK / high bulk),Sand Attack / Air Cutter / Iron Head,1,2
Great League — Top 100,Corsola (Galarian),—,Corsola (Galarian) #8 (score 91.8),Rank ≤ #100  (low ATK / high bulk),Astonish / Night Shade / Power Gem,1,1
Great League — Top 100,Swablu (Shadow),—,Altaria (Shadow) #9 (score 91.7),Rank ≤ #100  (low ATK / high bulk),Dragon Breath / Moonblast / Flamethrower,1,1
Great League — Top 100,Rookidee (Shadow),UL #4,Corviknight (Shadow) #10 (score 91.4),Rank ≤ #100  (low ATK / high bulk),Sand Attack / Air Cutter / Iron Head,1,2
Great League — Top 100,Flabebe,UL #12 · ML #39,Florges #11 (score 91.4),Rank ≤ #100  (low ATK / high bulk),Fairy Wind / Chilling Water / Moonblast,1,3
Great League — Top 100,Wooper (Shadow),—,Quagsire (Shadow) #12 (score 91.4),Rank ≤ #100  (low ATK / high bulk),Mud Shot / Aqua Tail / Stone Edge,1,1
Great League — Top 100,Vulpix,UL #34,Ninetales #13 (score 91.3),Rank ≤ #100  (low ATK / high bulk),Ember / Weather Ball Fire / Energy Ball,1,2
Great League — Top 100,Wooper,—,Quagsire #14 (score 91.2),Rank ≤ #100  (low ATK / high bulk),Mud Shot / Aqua Tail / Stone Edge,1,1
Great League — Top 100,Nickit,—,Thievul #15 (score 90.9),Rank ≤ #100  (low ATK / high bulk),Sucker Punch / Night Slash / Icy Wind,1,1
Great League — Top 100,Dewpider,—,Araquanid #16 (score 90.8),Rank ≤ #100  (low ATK / high bulk),Infestation / Water Pulse / Mirror Coat,1,1
Great League — Top 100,Wooper (Paldean),—,Clodsire #17 (score 90.8),Rank ≤ #100  (low ATK / high bulk),Poison Sting / Earthquake / Stone Edge,1,1
Great League — Top 100,Sableye (Shadow),—,Sableye (Shadow) #18 (score 90.7),Rank ≤ #100  (low ATK / high bulk),Shadow Claw / Foul Play / Drain Punch,1,1
Great League — Top 100,Cubone,—,Marowak #19 (score 90.6),Rank ≤ #100  (low ATK / high bulk),Mud Slap / Bone Club / Rock Slide,1,1
Great League — Top 100,Stunfisk,—,Stunfisk #20 (score 90.6),Rank ≤ #100  (low ATK / high bulk),Thunder Shock / Mud Bomb / Discharge,1,1
Great League — Top 100,Slakoth,—,Vigoroth #21 (score 90.6),Rank ≤ #100  (low ATK / high bulk),Scratch / Body Slam / Bulldoze,1,1
Great League — Top 100,Frillish,UL #16,Jellicent #22 (score 90.5),Rank ≤ #100  (low ATK / high bulk),Hex / Surf / Shadow Ball,1,2
Great League — Top 100,Piplup,UL #8,Empoleon #23 (score 90.4),Rank ≤ #100  (low ATK / high bulk),Metal Sound / Hydro Cannon / Drill Peck,1,2
Great League — Top 100,Piplup (Shadow),UL #9,Empoleon (Shadow) #24 (score 90.4),Rank ≤ #100  (low ATK / high bulk),Metal Sound / Hydro Cannon / Drill Peck,1,2
Great League — Top 100,Spearow,—,Fearow #25 (score 90.4),Rank ≤ #100  (low ATK / high bulk),Peck / Drill Peck / Drill Run,1,1
Great League — Top 100,Mantyke,—,Mantine #26 (score 90.3),Rank ≤ #100  (low ATK / high bulk),Wing Attack / Twister / Water Pulse,1,1
Great League — Top 100,Munchlax,UL #11,Snorlax #27 (score 90.3),Rank ≤ #100  (low ATK / high bulk),Psywave / Body Slam / Earthquake,1,2
Great League — Top 100,Eevee,—,Umbreon #28 (score 90.3),Rank ≤ #100  (low ATK / high bulk),Snarl / Dark Pulse / Last Resort,1,1
Great League — Top 100,Dewpider (Shadow),—,Araquanid (Shadow) #29 (score 90.2),Rank ≤ #100  (low ATK / high bulk),Infestation / Water Pulse / Mirror Coat,1,1
Great League — Top 100,Totodile,UL #15,Feraligatr #30 (score 90.2),Rank ≤ #100  (low ATK / high bulk),Shadow Claw / Hydro Cannon / Ice Beam,1,2
Great League — Top 100,Mankey,UL #59,Annihilape #31 (score 90.1),Rank ≤ #100  (low ATK / high bulk),Low Kick / Rage Fist / Ice Punch,1,2
Great League — Top 100,Azurill,—,Azumarill #32 (score 90.1),Rank ≤ #100  (low ATK / high bulk),Bubble / Ice Beam / Play Rough,1,1
Great League — Top 100,Deoxys (Defense),UL #42,Deoxys (Defense) #33 (score 90.1),Rank ≤ #100  (low ATK / high bulk),Low Kick / Psycho Boost / Thunderbolt,1,2
Great League — Top 100,Voltorb (Hisuian),—,Electrode (Hisuian) #34 (score 90.1),Rank ≤ #100  (low ATK / high bulk),Thunder Shock / Wild Charge / Energy Ball,1,1
Great League — Top 100,Grookey,UL #21 · ML #34,Rillaboom #35 (score 90.1),Rank ≤ #100  (low ATK / high bulk),Scratch / Drum Beating / Earth Power,1,3
Great League — Top 100,Sableye,—,Sableye #36 (score 90.1),Rank ≤ #100  (low ATK / high bulk),Shadow Claw / Foul Play / Power Gem,1,1
Great League — Top 100,Slakoth (Shadow),—,Vigoroth (Shadow) #37 (score 90.1),Rank ≤ #100  (low ATK / high bulk),Scratch / Brick Break / Rock Slide,1,1
Great League — Top 100,Mankey (Shadow),UL #74,Annihilape (Shadow) #38 (score 90),Rank ≤ #100  (low ATK / high bulk),Low Kick / Rage Fist / Ice Punch,1,2
Great League — Top 100,Lapras,UL #22,Lapras #39 (score 90),Rank ≤ #100  (low ATK / high bulk),Psywave / Sparkling Aria / Ice Beam,1,2
Great League — Top 100,Munchlax,UL #3,Snorlax (Shadow) #40 (score 90),Rank ≤ #100  (low ATK / high bulk),Psywave / Body Slam / Super Power,1,2
Great League — Top 100,Grubbin,—,Charjabug #41 (score 89.9),Rank ≤ #100  (low ATK / high bulk),Volt Switch / X Scissor / Discharge,1,1
Great League — Top 100,Inkay,UL #62,Malamar #42 (score 89.9),Rank ≤ #100  (low ATK / high bulk),Psywave / Super Power / Foul Play,1,2
Great League — Top 100,Sentret,—,Furret #43 (score 89.8),Rank ≤ #100  (low ATK / high bulk),Sucker Punch / Swift / Trailblaze,1,1
Great League — Top 100,Guzzlord,UL #19,Guzzlord #44 (score 89.8),Rank ≤ #100  (low ATK / high bulk),Dragon Tail / Brutal Swing / Sludge Bomb,1,2
Great League — Top 100,Inkay (Shadow),UL #54,Malamar (Shadow) #45 (score 89.8),Rank ≤ #100  (low ATK / high bulk),Psywave / Foul Play / Super Power,1,2
Great League — Top 100,Carbink,—,Carbink #46 (score 89.7),Rank ≤ #100  (low ATK / high bulk),Rock Throw / Rock Slide / Moonblast,1,1
Great League — Top 100,Grubbin (Shadow),—,Charjabug (Shadow) #47 (score 89.7),Rank ≤ #100  (low ATK / high bulk),Volt Switch / X Scissor / Discharge,1,1
Great League — Top 100,Pineco (Shadow),UL #39,Forretress (Shadow) #48 (score 89.7),Rank ≤ #100  (low ATK / high bulk),Volt Switch / Sand Tomb / Rock Tomb,1,2
Great League — Top 100,Dondozo,UL #26,Dondozo #49 (score 89.6),Rank ≤ #100  (low ATK / high bulk),Waterfall / Surf / Outrage,1,2
Great League — Top 100,Hippopotas,UL #96,Hippowdon #50 (score 89.6),Rank ≤ #100  (low ATK / high bulk),Sand Attack / Weather Ball Rock / Earth Power,1,2
Great League — Top 100,Vullaby,—,Mandibuzz #51 (score 89.6),Rank ≤ #100  (low ATK / high bulk),Snarl / Dark Pulse / Shadow Ball,1,1
Great League — Top 100,Morpeko (Full Belly),—,Morpeko (Hangry) #52 (score 89.6),Rank ≤ #100  (low ATK / high bulk),Thunder Shock / Aura Wheel Electric / Psychic Fangs,1,1
Great League — Top 100,Pineco,UL #31,Forretress #53 (score 89.5),Rank ≤ #100  (low ATK / high bulk),Volt Switch / Sand Tomb / Rock Tomb,1,2
Great League — Top 100,Meditite,—,Medicham #54 (score 89.5),Rank ≤ #100  (low ATK / high bulk),Psycho Cut / Ice Punch / Dynamic Punch,1,1
Great League — Top 100,Hoppip,—,Jumpluff #55 (score 89.4),Rank ≤ #100  (low ATK / high bulk),Fairy Wind / Energy Ball / Acrobatics,1,1
Great League — Top 100,Deino (Shadow),ML #53,Hydreigon (Shadow) #56 (score 89.3),Rank ≤ #100  (low ATK / high bulk),Dragon Breath / Brutal Swing / Fly,1,2
Great League — Top 100,Horsea,UL #66,Kingdra #57 (score 89.3),Rank ≤ #100  (low ATK / high bulk),Dragon Breath / Surf / Swift,1,2
Great League — Top 100,Squirtle,UL #29,Blastoise #58 (score 89.2),Rank ≤ #100  (low ATK / high bulk),Bite / Hydro Cannon / Skull Bash,1,2
Great League — Top 100,Bunnelby,—,Diggersby #59 (score 89.2),Rank ≤ #100  (low ATK / high bulk),Mud Shot / Fire Punch / Scorching Sands,1,1
Great League — Top 100,Totodile (Shadow),UL #14,Feraligatr (Shadow) #60 (score 89.2),Rank ≤ #100  (low ATK / high bulk),Shadow Claw / Hydro Cannon / Ice Beam,1,2
Great League — Top 100,Hippopotas (Shadow),UL #91,Hippowdon (Shadow) #61 (score 89.2),Rank ≤ #100  (low ATK / high bulk),Sand Attack / Weather Ball Rock / Earth Power,1,2
Great League — Top 100,Horsea (Shadow),UL #73,Kingdra (Shadow) #62 (score 89.2),Rank ≤ #100  (low ATK / high bulk),Dragon Breath / Surf / Swift,1,2
Great League — Top 100,Lapras (Shadow),UL #23,Lapras (Shadow) #63 (score 89.1),Rank ≤ #100  (low ATK / high bulk),Psywave / Sparkling Aria / Ice Beam,1,2
Great League — Top 100,Turtonator,UL #70,Turtonator #64 (score 89.1),Rank ≤ #100  (low ATK / high bulk),Incinerate / Brutal Swing / Dragon Claw,1,2
Great League — Top 100,Pachirisu,—,Pachirisu #65 (score 89),Rank ≤ #100  (low ATK / high bulk),Volt Switch / Thunderbolt / Thunder Punch,1,1
Great League — Top 100,Lileep,UL #78,Cradily #66 (score 88.9),Rank ≤ #100  (low ATK / high bulk),Acid / Rock Tomb / Grass Knot,1,2
Great League — Top 100,Dratini (Shadow),—,Dragonair (Shadow) #67 (score 88.9),Rank ≤ #100  (low ATK / high bulk),Dragon Breath / Wrap / Aqua Tail,1,1
Great League — Top 100,Vulpix (Alolan),UL #25,Ninetales (Alolan) #68 (score 88.9),Rank ≤ #100  (low ATK / high bulk),Powder Snow / Weather Ball Ice / Chilling Water,1,2
Great League — Top 100,Seel,—,Dewgong #69 (score 88.8),Rank ≤ #100  (low ATK / high bulk),Ice Shard / Icy Wind / Drill Run,1,1
Great League — Top 100,Duskull (Shadow),—,Dusclops (Shadow) #70 (score 88.8),Rank ≤ #100  (low ATK / high bulk),Hex / Ice Punch / Shadow Punch,1,1
Great League — Top 100,Moltres (Galarian),UL #13,Moltres (Galarian) #71 (score 88.8),Rank ≤ #100  (low ATK / high bulk),Sucker Punch / Fly / Brave Bird,1,2
Great League — Top 100,Tarountula,—,Spidops #72 (score 88.7),Rank ≤ #100  (low ATK / high bulk),Shadow Claw / Lunge / Rock Tomb,1,1
Great League — Top 100,Vulpix (Alolan) (Shadow),UL #30,Ninetales (Alolan) (Shadow) #73 (score 88.6),Rank ≤ #100  (low ATK / high bulk),Powder Snow / Weather Ball Ice / Chilling Water,1,2
Great League — Top 100,Honedge,UL #95,Doublade #74 (score 88.5),Rank ≤ #100  (low ATK / high bulk),Shadow Claw / Sacred Sword / Iron Head,1,2
Great League — Top 100,Duskull (Shadow),UL #27,Dusknoir (Shadow) #75 (score 88.4),Rank ≤ #100  (low ATK / high bulk),Astonish / Dynamic Punch / Shadow Punch,1,2
Great League — Top 100,Duskull,—,Dusclops #76 (score 88.3),Rank ≤ #100  (low ATK / high bulk),Hex / Ice Punch / Shadow Punch,1,1
Great League — Top 100,Cubone (Shadow),—,Marowak (Shadow) #77 (score 88.3),Rank ≤ #100  (low ATK / high bulk),Mud Slap / Bone Club / Rock Slide,1,1
Great League — Top 100,Mudkip,UL #48,Swampert #78 (score 88.3),Rank ≤ #100  (low ATK / high bulk),Mud Shot / Hydro Cannon / Earthquake,1,2
Great League — Top 100,Mudkip (Shadow),UL #89,Swampert (Shadow) #79 (score 88.3),Rank ≤ #100  (low ATK / high bulk),Mud Shot / Hydro Cannon / Earthquake,1,2
Great League — Top 100,Honedge,—,Aegislash (Blade) #80 (score 88.2),Rank ≤ #100  (low ATK / high bulk),Aegislash Charge Psycho Cut / Shadow Ball / Gyro Ball,1,1
Great League — Top 100,Hoppip (Shadow),—,Jumpluff (Shadow) #81 (score 88.2),Rank ≤ #100  (low ATK / high bulk),Fairy Wind / Energy Ball / Acrobatics,1,1
Great League — Top 100,Dunsparce,—,Dunsparce #82 (score 88.1),Rank ≤ #100  (low ATK / high bulk),Bite / Drill Run / Rock Slide,1,1
Great League — Top 100,Tympole,UL #58,Seismitoad #83 (score 88.1),Rank ≤ #100  (low ATK / high bulk),Mud Shot / Earth Power / Icy Wind,1,2
Great League — Top 100,Fletchling,UL #38,Talonflame #84 (score 88),Rank ≤ #100  (low ATK / high bulk),Incinerate / Fly / Brave Bird,1,2
Great League — Top 100,Dratini,—,Dragonair #85 (score 87.9),Rank ≤ #100  (low ATK / high bulk),Dragon Breath / Aqua Tail / Dragon Pulse,1,1
Great League — Top 100,Stunfisk (Galarian),—,Stunfisk (Galarian) #86 (score 87.8),Rank ≤ #100  (low ATK / high bulk),Mud Shot / Rock Slide / Earthquake,1,1
Great League — Top 100,Onix (Shadow),UL #47,Steelix (Shadow) #87 (score 87.7),Rank ≤ #100  (low ATK / high bulk),Thunder Fang / Psychic Fangs / Crunch,1,2
Great League — Top 100,Pumpkaboo (Large),—,Gourgeist (Large) #88 (score 87.6),Rank ≤ #100  (low ATK / high bulk),Incinerate / Shadow Ball / Seed Bomb,1,1
Great League — Top 100,Registeel,UL #28,Registeel #89 (score 87.6),Rank ≤ #100  (low ATK / high bulk),Lock On / Flash Cannon / Focus Blast,1,2
Great League — Top 100,Pumpkaboo (Super),—,Gourgeist (Super) #90 (score 87.5),Rank ≤ #100  (low ATK / high bulk),Incinerate / Shadow Ball / Seed Bomb,1,1
Great League — Top 100,Spoink,—,Grumpig #91 (score 87.5),Rank ≤ #100  (low ATK / high bulk),Psywave / Dynamic Punch / Shadow Ball,1,1
Great League — Top 100,Bagon (Shadow),—,Shelgon (Shadow) #92 (score 87.5),Rank ≤ #100  (low ATK / high bulk),Dragon Breath / Twister / Flamethrower,1,1
Great League — Top 100,Cleffa,UL #37,Clefable #93 (score 87.3),Rank ≤ #100  (low ATK / high bulk),Fairy Wind / Moonblast / Meteor Mash,1,2
Great League — Top 100,Duskull,UL #24,Dusknoir #94 (score 87.3),Rank ≤ #100  (low ATK / high bulk),Astonish / Dynamic Punch / Shadow Punch,1,2
Great League — Top 100,Pumpkaboo (Average),—,Gourgeist (Average) #95 (score 87.3),Rank ≤ #100  (low ATK / high bulk),Incinerate / Shadow Ball / Seed Bomb,1,1
Great League — Top 100,Oranguru,UL #76,Oranguru #96 (score 87.3),Rank ≤ #100  (low ATK / high bulk),Confusion / Brutal Swing / Trailblaze,1,2
Great League — Top 100,Regidrago,UL #33,Regidrago #97 (score 87.3),Rank ≤ #100  (low ATK / high bulk),Dragon Breath / Dragon Energy / Vice Grip,1,2
Great League — Top 100,Spheal,—,Sealeo #98 (score 87.3),Rank ≤ #100  (low ATK / high bulk),Powder Snow / Surf / Body Slam,1,1
Great League — Top 100,Skorupi (Shadow),—,Drapion (Shadow) #99 (score 87.2),Rank ≤ #100  (low ATK / high bulk),Poison Sting / Crunch / Aqua Tail,1,1
Great League — Top 100,Grimer (Alolan),UL #36,Muk (Alolan) #100 (score 87.2),Rank ≤ #100  (low ATK / high bulk),Poison Jab / Brutal Swing / Ice Punch,1,2
Ultra League — Top 100,Tinkatink,GL #5,Tinkaton #1 (score 94.4),Rank ≤ #100  (low ATK / high bulk),Fairy Wind / Gigaton Hammer / Bulldoze,1,2
Ultra League — Top 100,Rookidee,GL #7,Corviknight #2 (score 94),Rank ≤ #100  (low ATK / high bulk),Sand Attack / Air Cutter / Iron Head,1,2
Ultra League — Top 100,Munchlax,GL #40,Snorlax (Shadow) #3 (score 93.7),Rank ≤ #100  (low ATK / high bulk),Psywave / Body Slam / Earthquake,1,2
Ultra League — Top 100,Rookidee (Shadow),GL #10,Corviknight (Shadow) #4 (score 93.4),Rank ≤ #100  (low ATK / high bulk),Sand Attack / Air Cutter / Payback,1,2
Ultra League — Top 100,Meltan,GL #1 · ML #28,Melmetal #5 (score 92.7),Rank ≤ #100  (low ATK / high bulk),Thunder Shock / Double Iron Bash / Dynamic Punch,1,3
Ultra League — Top 100,Virizion,—,Virizion #6 (score 92.3),Rank ≤ #100  (low ATK / high bulk),Double Kick / Leaf Blade / Sacred Sword,1,1
Ultra League — Top 100,Zygarde (Complete Forme),ML #3,Zygarde (Complete Forme) #7 (score 92.2),Rank ≤ #100  (low ATK / high bulk),Dragon Tail / Crunch / Bulldoze,1,2
Ultra League — Top 100,Piplup,GL #23,Empoleon #8 (score 92.1),Rank ≤ #100  (low ATK / high bulk),Metal Sound / Hydro Cannon / Drill Peck,1,2
Ultra League — Top 100,Piplup (Shadow),GL #24,Empoleon (Shadow) #9 (score 92.1),Rank ≤ #100  (low ATK / high bulk),Metal Sound / Hydro Cannon / Drill Peck,1,2
Ultra League — Top 100,Mimikyu,GL #6,Mimikyu (Busted) #10 (score 92.1),Rank ≤ #100  (low ATK / high bulk),Shadow Claw / Shadow Sneak / Play Rough,1,2
Ultra League — Top 100,Munchlax,GL #27,Snorlax #11 (score 92.1),Rank ≤ #100  (low ATK / high bulk),Psywave / Body Slam / Earthquake,1,2
Ultra League — Top 100,Flabebe,GL #11 · ML #39,Florges #12 (score 92),Rank ≤ #100  (low ATK / high bulk),Fairy Wind / Chilling Water / Disarming Voice,1,3
Ultra League — Top 100,Moltres (Galarian),GL #71,Moltres (Galarian) #13 (score 91.9),Rank ≤ #100  (low ATK / high bulk),Sucker Punch / Fly / Brave Bird,1,2
Ultra League — Top 100,Totodile (Shadow),GL #60,Feraligatr (Shadow) #14 (score 91.7),Rank ≤ #100  (low ATK / high bulk),Shadow Claw / Hydro Cannon / Ice Beam,1,2
Ultra League — Top 100,Totodile,GL #30,Feraligatr #15 (score 91.5),Rank ≤ #100  (low ATK / high bulk),Shadow Claw / Hydro Cannon / Ice Beam,1,2
Ultra League — Top 100,Frillish,GL #22,Jellicent #16 (score 91.2),Rank ≤ #100  (low ATK / high bulk),Hex / Surf / Shadow Ball,1,2
Ultra League — Top 100,Giratina (Altered),ML #50,Giratina (Altered) #17 (score 91),Rank ≤ #100  (low ATK / high bulk),Dragon Breath / Ancient Power / Shadow Force,1,2
Ultra League — Top 100,Cramorant,GL #4,Cramorant #18 (score 90.9),Rank ≤ #100  (low ATK / high bulk),Peck / Dive / Fly,1,2
Ultra League — Top 100,Guzzlord,GL #44,Guzzlord #19 (score 90.9),Rank ≤ #100  (low ATK / high bulk),Dragon Tail / Brutal Swing / Sludge Bomb,1,2
Ultra League — Top 100,Fuecoco,—,Skeledirge #20 (score 90.7),Rank ≤ #100  (low ATK / high bulk),Incinerate / Torch Song / Shadow Ball,1,1
Ultra League — Top 100,Grookey,GL #35 · ML #34,Rillaboom #21 (score 90.6),Rank ≤ #100  (low ATK / high bulk),Scratch / Drum Beating / Earth Power,1,3
Ultra League — Top 100,Lapras,GL #39,Lapras #22 (score 90.5),Rank ≤ #100  (low ATK / high bulk),Psywave / Sparkling Aria / Ice Beam,1,2
Ultra League — Top 100,Lapras (Shadow),GL #63,Lapras (Shadow) #23 (score 90.5),Rank ≤ #100  (low ATK / high bulk),Psywave / Sparkling Aria / Ice Beam,1,2
Ultra League — Top 100,Duskull,GL #94,Dusknoir #24 (score 90.3),Rank ≤ #100  (low ATK / high bulk),Astonish / Dynamic Punch / Shadow Punch,1,2
Ultra League — Top 100,Vulpix (Alolan),GL #68,Ninetales (Alolan) #25 (score 90.3),Rank ≤ #100  (low ATK / high bulk),Powder Snow / Weather Ball Ice / Chilling Water,1,2
Ultra League — Top 100,Dondozo,GL #49,Dondozo #26 (score 90.2),Rank ≤ #100  (low ATK / high bulk),Waterfall / Surf / Outrage,1,2
Ultra League — Top 100,Duskull (Shadow),GL #75,Dusknoir (Shadow) #27 (score 90.2),Rank ≤ #100  (low ATK / high bulk),Astonish / Dynamic Punch / Shadow Punch,1,2
Ultra League — Top 100,Registeel,GL #89,Registeel #28 (score 90.2),Rank ≤ #100  (low ATK / high bulk),Lock On / Flash Cannon / Focus Blast,1,2
Ultra League — Top 100,Squirtle,GL #58,Blastoise #29 (score 90),Rank ≤ #100  (low ATK / high bulk),Bite / Hydro Cannon / Skull Bash,1,2
Ultra League — Top 100,Vulpix (Alolan) (Shadow),GL #73,Ninetales (Alolan) (Shadow) #30 (score 90),Rank ≤ #100  (low ATK / high bulk),Powder Snow / Weather Ball Ice / Chilling Water,1,2
Ultra League — Top 100,Pineco,GL #53,Forretress #31 (score 89.9),Rank ≤ #100  (low ATK / high bulk),Volt Switch / Rock Tomb / Sand Tomb,1,2
Ultra League — Top 100,Giratina (Altered) (Shadow),ML #38,Giratina (Altered) (Shadow) #32 (score 89.9),Rank ≤ #100  (low ATK / high bulk),Dragon Breath / Ancient Power / Shadow Sneak,1,2
Ultra League — Top 100,Regidrago,GL #97,Regidrago #33 (score 89.8),Rank ≤ #100  (low ATK / high bulk),Dragon Breath / Dragon Energy / Vice Grip,1,2
Ultra League — Top 100,Vulpix,GL #13,Ninetales #34 (score 89.5),Rank ≤ #100  (low ATK / high bulk),Ember / Weather Ball Fire / Energy Ball,1,2
Ultra League — Top 100,Cresselia,—,Cresselia #35 (score 89.4),Rank ≤ #100  (low ATK / high bulk),Psycho Cut / Grass Knot / Moonblast,1,1
Ultra League — Top 100,Grimer (Alolan),GL #100,Muk (Alolan) #36 (score 89.4),Rank ≤ #100  (low ATK / high bulk),Poison Jab / Brutal Swing / Ice Punch,1,2
Ultra League — Top 100,Cleffa,GL #93,Clefable #37 (score 89.2),Rank ≤ #100  (low ATK / high bulk),Fairy Wind / Meteor Mash / Draining Kiss,1,2
Ultra League — Top 100,Fletchling,GL #84,Talonflame #38 (score 89.2),Rank ≤ #100  (low ATK / high bulk),Incinerate / Fly / Brave Bird,1,2
Ultra League — Top 100,Pineco (Shadow),GL #48,Forretress (Shadow) #39 (score 89.1),Rank ≤ #100  (low ATK / high bulk),Volt Switch / Rock Tomb / Sand Tomb,1,2
Ultra League — Top 100,Spheal,—,Walrein #40 (score 89.1),Rank ≤ #100  (low ATK / high bulk),Powder Snow / Icicle Spear / Earthquake,1,1
Ultra League — Top 100,Spheal (Shadow),—,Walrein (Shadow) #41 (score 89.1),Rank ≤ #100  (low ATK / high bulk),Powder Snow / Icicle Spear / Earthquake,1,1
Ultra League — Top 100,Deoxys (Defense),GL #33,Deoxys (Defense) #42 (score 89),Rank ≤ #100  (low ATK / high bulk),Low Kick / Psycho Boost / Thunderbolt,1,2
Ultra League — Top 100,Yamask (Galarian),—,Runerigus #43 (score 89),Rank ≤ #100  (low ATK / high bulk),Shadow Claw / Rock Tomb / Shadow Ball,1,1
Ultra League — Top 100,Onix,—,Steelix #44 (score 89),Rank ≤ #100  (low ATK / high bulk),Thunder Fang / Psychic Fangs / Earthquake,1,1
Ultra League — Top 100,Goldeen,—,Seaking #45 (score 88.9),Rank ≤ #100  (low ATK / high bulk),Peck / Drill Run / Icy Wind,1,1
Ultra League — Top 100,Cresselia (Shadow),—,Cresselia (Shadow) #46 (score 88.7),Rank ≤ #100  (low ATK / high bulk),Psycho Cut / Grass Knot / Moonblast,1,1
Ultra League — Top 100,Onix (Shadow),GL #87,Steelix (Shadow) #47 (score 88.7),Rank ≤ #100  (low ATK / high bulk),Thunder Fang / Psychic Fangs / Crunch,1,2
Ultra League — Top 100,Mudkip,GL #78,Swampert #48 (score 88.7),Rank ≤ #100  (low ATK / high bulk),Mud Shot / Hydro Cannon / Earthquake,1,2
Ultra League — Top 100,Pikipek,—,Toucannon #49 (score 88.7),Rank ≤ #100  (low ATK / high bulk),Peck / Beak Blast / Drill Peck,1,1
Ultra League — Top 100,Feebas (Shadow),—,Milotic (Shadow) #50 (score 88.6),Rank ≤ #100  (low ATK / high bulk),Waterfall / Aqua Tail / Wrap,1,1
Ultra League — Top 100,Popplio,ML #45,Primarina #51 (score 88.6),Rank ≤ #100  (low ATK / high bulk),Waterfall / Hydro Cannon / Moonblast,1,2
Ultra League — Top 100,Mareep,—,Ampharos #52 (score 88.5),Rank ≤ #100  (low ATK / high bulk),Volt Switch / Brutal Swing / Trailblaze,1,1
Ultra League — Top 100,Lileep (Shadow),—,Cradily (Shadow) #53 (score 88.5),Rank ≤ #100  (low ATK / high bulk),Acid / Rock Tomb / Grass Knot,1,1
Ultra League — Top 100,Inkay (Shadow),GL #45,Malamar (Shadow) #54 (score 88.5),Rank ≤ #100  (low ATK / high bulk),Psywave / Foul Play / Super Power,1,2
Ultra League — Top 100,Mareep (Shadow),—,Ampharos (Shadow) #55 (score 88.4),Rank ≤ #100  (low ATK / high bulk),Volt Switch / Brutal Swing / Trailblaze,1,1
Ultra League — Top 100,Fletchling (Shadow),—,Talonflame (Shadow) #56 (score 88.4),Rank ≤ #100  (low ATK / high bulk),Incinerate / Fly / Brave Bird,1,1
Ultra League — Top 100,Tadbulb,—,Bellibolt #57 (score 88.3),Rank ≤ #100  (low ATK / high bulk),Sucker Punch / Parabolic Charge / Zap Cannon,1,1
Ultra League — Top 100,Tympole,GL #83,Seismitoad #58 (score 88.3),Rank ≤ #100  (low ATK / high bulk),Mud Shot / Earth Power / Icy Wind,1,2
Ultra League — Top 100,Mankey,GL #31,Annihilape #59 (score 88.2),Rank ≤ #100  (low ATK / high bulk),Low Kick / Rage Fist / Ice Punch,1,2
Ultra League — Top 100,Miltank,—,Miltank #60 (score 88.2),Rank ≤ #100  (low ATK / high bulk),Rollout / Body Slam / High Horsepower,1,1
Ultra League — Top 100,Togepi,ML #58,Togekiss #61 (score 88.2),Rank ≤ #100  (low ATK / high bulk),Peck / Psyshock / Aura Sphere,1,2
Ultra League — Top 100,Inkay,GL #42,Malamar #62 (score 88.1),Rank ≤ #100  (low ATK / high bulk),Psywave / Super Power / Foul Play,1,2
Ultra League — Top 100,Pikipek (Shadow),—,Toucannon (Shadow) #63 (score 88.1),Rank ≤ #100  (low ATK / high bulk),Peck / Beak Blast / Drill Peck,1,1
Ultra League — Top 100,Vulpix (Shadow),GL #3,Ninetales (Shadow) #64 (score 88),Rank ≤ #100  (low ATK / high bulk),Ember / Weather Ball Fire / Energy Ball,1,2
Ultra League — Top 100,Oshawott,—,Samurott #65 (score 88),Rank ≤ #100  (low ATK / high bulk),Fury Cutter / Hydro Cannon / Megahorn,1,1
Ultra League — Top 100,Horsea,GL #57,Kingdra #66 (score 87.9),Rank ≤ #100  (low ATK / high bulk),Dragon Breath / Surf / Swift,1,2
Ultra League — Top 100,Magikarp (Shadow),ML #31,Gyarados (Shadow) #67 (score 87.8),Rank ≤ #100  (low ATK / high bulk),Dragon Breath / Aqua Tail / Twister,1,2
Ultra League — Top 100,Grimer (Alolan) (Shadow),—,Muk (Alolan) (Shadow) #68 (score 87.8),Rank ≤ #100  (low ATK / high bulk),Poison Jab / Brutal Swing / Ice Punch,1,1
Ultra League — Top 100,Wimpod,—,Golisopod #69 (score 87.7),Rank ≤ #100  (low ATK / high bulk),Fury Cutter / X Scissor / Aqua Jet,1,1
Ultra League — Top 100,Turtonator,GL #64,Turtonator #70 (score 87.7),Rank ≤ #100  (low ATK / high bulk),Incinerate / Brutal Swing / Dragon Claw,1,2
Ultra League — Top 100,Feebas,—,Milotic #71 (score 87.6),Rank ≤ #100  (low ATK / high bulk),Waterfall / Aqua Tail / Wrap,1,1
Ultra League — Top 100,Bombirdier,—,Bombirdier #72 (score 87.5),Rank ≤ #100  (low ATK / high bulk),Sucker Punch / Fly / Drill Run,1,1
Ultra League — Top 100,Horsea (Shadow),GL #62,Kingdra (Shadow) #73 (score 87.5),Rank ≤ #100  (low ATK / high bulk),Dragon Breath / Surf / Swift,1,2
Ultra League — Top 100,Mankey (Shadow),GL #38,Annihilape (Shadow) #74 (score 87.4),Rank ≤ #100  (low ATK / high bulk),Low Kick / Rage Fist / Ice Punch,1,2
Ultra League — Top 100,Magikarp,ML #57,Gyarados #75 (score 87.4),Rank ≤ #100  (low ATK / high bulk),Dragon Breath / Aqua Tail / Twister,1,2
Ultra League — Top 100,Oranguru,GL #96,Oranguru #76 (score 87.4),Rank ≤ #100  (low ATK / high bulk),Confusion / Brutal Swing / Trailblaze,1,2
Ultra League — Top 100,Lechonk,—,Oinkologne (Female) #77 (score 87.3),Rank ≤ #100  (low ATK / high bulk),Take Down / Body Slam / Trailblaze,1,1
Ultra League — Top 100,Lileep,GL #66,Cradily #78 (score 87.2),Rank ≤ #100  (low ATK / high bulk),Acid / Rock Tomb / Grass Knot,1,2
Ultra League — Top 100,Articuno,—,Articuno #79 (score 87.1),Rank ≤ #100  (low ATK / high bulk),Powder Snow / Icy Wind / Hurricane,1,1
Ultra League — Top 100,Orthworm,—,Orthworm #80 (score 87.1),Rank ≤ #100  (low ATK / high bulk),Mud Slap / Iron Head / Rock Tomb,1,1
Ultra League — Top 100,Swinub (Shadow),—,Piloswine (Shadow) #81 (score 87.1),Rank ≤ #100  (low ATK / high bulk),Powder Snow / Icicle Spear / High Horsepower,1,1
Ultra League — Top 100,Spritzee,—,Aromatisse #82 (score 87),Rank ≤ #100  (low ATK / high bulk),Fairy Wind / Moonblast / Psyshock,1,1
Ultra League — Top 100,Tentacool,—,Tentacruel #83 (score 87),Rank ≤ #100  (low ATK / high bulk),Acid / Scald / Payback,1,1
Ultra League — Top 100,Squirtle (Shadow),—,Blastoise (Shadow) #84 (score 86.9),Rank ≤ #100  (low ATK / high bulk),Bite / Hydro Cannon / Skull Bash,1,1
Ultra League — Top 100,Yamask,—,Cofagrigus #85 (score 86.9),Rank ≤ #100  (low ATK / high bulk),Shadow Claw / Shadow Ball / Energy Ball,1,1
Ultra League — Top 100,Poliwag (Shadow),—,Politoed (Shadow) #86 (score 86.8),Rank ≤ #100  (low ATK / high bulk),Mud Shot / Weather Ball Water / Earthquake,1,1
Ultra League — Top 100,Tentacool (Shadow),—,Tentacruel (Shadow) #87 (score 86.8),Rank ≤ #100  (low ATK / high bulk),Acid / Scald / Payback,1,1
Ultra League — Top 100,Genesect (Shock),ML #70,Genesect (Shock) #88 (score 86.7),Rank ≤ #100  (low ATK / high bulk),Fury Cutter / Magnet Bomb / Techno Blast Shock,1,2
Ultra League — Top 100,Mudkip (Shadow),GL #79,Swampert (Shadow) #89 (score 86.7),Rank ≤ #100  (low ATK / high bulk),Mud Shot / Hydro Cannon / Earthquake,1,2
Ultra League — Top 100,Skorupi,—,Drapion #90 (score 86.6),Rank ≤ #100  (low ATK / high bulk),Poison Sting / Crunch / Aqua Tail,1,1
Ultra League — Top 100,Hippopotas (Shadow),GL #61,Hippowdon (Shadow) #91 (score 86.6),Rank ≤ #100  (low ATK / high bulk),Sand Attack / Weather Ball Rock / Earth Power,1,2
Ultra League — Top 100,Swinub,—,Piloswine #92 (score 86.5),Rank ≤ #100  (low ATK / high bulk),Powder Snow / Icicle Spear / High Horsepower,1,1
Ultra League — Top 100,Raikou (Shadow),ML #73,Raikou (Shadow) #93 (score 86.5),Rank ≤ #100  (low ATK / high bulk),Thunder Shock / Wild Charge / Aura Sphere,1,2
Ultra League — Top 100,Cobalion,—,Cobalion #94 (score 86.4),Rank ≤ #100  (low ATK / high bulk),Double Kick / Sacred Sword / Stone Edge,1,1
Ultra League — Top 100,Honedge,GL #74,Doublade #95 (score 86.4),Rank ≤ #100  (low ATK / high bulk),Shadow Claw / Sacred Sword / Iron Head,1,2
Ultra League — Top 100,Hippopotas,GL #50,Hippowdon #96 (score 86.4),Rank ≤ #100  (low ATK / high bulk),Sand Attack / Weather Ball Rock / Earth Power,1,2
Ultra League — Top 100,Zapdos,—,Zapdos #97 (score 86.4),Rank ≤ #100  (low ATK / high bulk),Thunder Shock / Drill Peck / Thunderbolt,1,1
Ultra League — Top 100,Shellos,—,Gastrodon #98 (score 86.3),Rank ≤ #100  (low ATK / high bulk),Mud Slap / Body Slam / Earth Power,1,1
Ultra League — Top 100,Oshawott (Shadow),—,Samurott (Shadow) #99 (score 86.3),Rank ≤ #100  (low ATK / high bulk),Fury Cutter / Hydro Cannon / Megahorn,1,1
Ultra League — Top 100,Lickitung,—,Lickilicky #100 (score 86.1),Rank ≤ #100  (low ATK / high bulk),Rollout / Body Slam / Shadow Ball,1,1
Master League — Top 75,Palkia (Origin),—,Palkia (Origin) #1 (score 98.7),IV% ≥96% or 15 ATK  (high ATK),Dragon Breath / Aqua Tail / Spacial Rend,1,1
Master League — Top 75,Zacian (Crowned Sword),—,Zacian (Crowned Sword) #2 (score 97.8),IV% ≥96% or 15 ATK  (high ATK),Metal Claw / Close Combat / Behemoth Blade,1,1
Master League — Top 75,Zygarde (Complete Forme),UL #7,Zygarde (Complete Forme) #3 (score 94.4),IV% ≥96% or 15 ATK  (high ATK),Dragon Tail / Crunch / Bulldoze,1,2
Master League — Top 75,Beldum,—,Metagross #4 (score 94.3),IV% ≥96% or 15 ATK  (high ATK),Shadow Claw / Meteor Mash / Earthquake,1,1
Master League — Top 75,Kyurem (White),—,Kyurem (White) #5 (score 94.2),IV% ≥96% or 15 ATK  (high ATK),Dragon Breath / Fusion Flare / Ice Burn,1,1
Master League — Top 75,Xerneas,—,Xerneas #6 (score 94.2),IV% ≥96% or 15 ATK  (high ATK),Geomancy / Close Combat / Moonblast,1,1
Master League — Top 75,Kyogre,—,Kyogre #7 (score 94),IV% ≥96% or 15 ATK  (high ATK),Waterfall / Avalanche / Origin Pulse,1,1
Master League — Top 75,Dialga (Origin),—,Dialga (Origin) #8 (score 93.9),IV% ≥96% or 15 ATK  (high ATK),Dragon Breath / Roar Of Time / Iron Head,1,1
Master League — Top 75,Reshiram,—,Reshiram #9 (score 93.9),IV% ≥96% or 15 ATK  (high ATK),Dragon Breath / Fusion Flare / Draco Meteor,1,1
Master League — Top 75,Teddiursa,—,Ursaluna #10 (score 93),IV% ≥96% or 15 ATK  (high ATK),Scratch / Ice Punch / High Horsepower,1,1
Master League — Top 75,Eternatus,—,Eternatus #11 (score 92.8),IV% ≥96% or 15 ATK  (high ATK),Dragon Tail / Dynamax Cannon / Flamethrower,1,1
Master League — Top 75,Reshiram (Shadow),—,Reshiram (Shadow) #12 (score 92.8),IV% ≥96% or 15 ATK  (high ATK),Dragon Breath / Fusion Flare / Draco Meteor,1,1
Master League — Top 75,Kyurem (Black),—,Kyurem (Black) #13 (score 92.7),IV% ≥96% or 15 ATK  (high ATK),Dragon Tail / Freeze Shock / Fusion Bolt,1,1
Master League — Top 75,Lugia,—,Lugia #14 (score 92.4),IV% ≥96% or 15 ATK  (high ATK),Dragon Tail / Aeroblast / Earth Power,1,1
Master League — Top 75,Cosmog,—,Lunala #15 (score 92.3),IV% ≥96% or 15 ATK  (high ATK),Shadow Claw / Shadow Ball / Moonblast,1,1
Master League — Top 75,Zamazenta (Crowned Shield),—,Zamazenta (Crowned Shield) #16 (score 92.3),IV% ≥96% or 15 ATK  (high ATK),Ice Fang / Close Combat / Behemoth Bash,1,1
Master League — Top 75,Teddiursa (Shadow),—,Ursaluna (Shadow) #17 (score 92.2),IV% ≥96% or 15 ATK  (high ATK),Scratch / Ice Punch / High Horsepower,1,1
Master League — Top 75,Necrozma (Dawn Wings),—,Necrozma (Dawn Wings) #18 (score 91.7),IV% ≥96% or 15 ATK  (high ATK),Shadow Claw / Dark Pulse / Moongeist Beam,1,1
Master League — Top 75,Marshadow,—,Marshadow #19 (score 90.6),IV% ≥96% or 15 ATK  (high ATK),Shadow Claw / Close Combat / Ice Punch,1,1
Master League — Top 75,Zekrom,—,Zekrom #20 (score 90.5),IV% ≥96% or 15 ATK  (high ATK),Dragon Breath / Outrage / Fusion Bolt,1,1
Master League — Top 75,Necrozma (Dusk Mane),—,Necrozma (Dusk Mane) #21 (score 90.4),IV% ≥96% or 15 ATK  (high ATK),Shadow Claw / Dark Pulse / Sunsteel Strike,1,1
Master League — Top 75,Lugia (Shadow),—,Lugia (Shadow) #22 (score 90.1),IV% ≥96% or 15 ATK  (high ATK),Dragon Tail / Aeroblast / Earth Power,1,1
Master League — Top 75,Palkia (Shadow),—,Palkia (Shadow) #23 (score 89.8),IV% ≥96% or 15 ATK  (high ATK),Dragon Breath / Aqua Tail / Draco Meteor,1,1
Master League — Top 75,Ho-Oh,—,Ho-Oh #24 (score 89.5),IV% ≥96% or 15 ATK  (high ATK),Incinerate / Brave Bird / Sacred Fire,1,1
Master League — Top 75,Gible (Shadow),—,Garchomp (Shadow) #25 (score 88.8),IV% ≥96% or 15 ATK  (high ATK),Dragon Tail / Twister / Earth Power,1,1
Master League — Top 75,Groudon,—,Groudon #26 (score 88.8),IV% ≥96% or 15 ATK  (high ATK),Dragon Tail / Fire Punch / Precipice Blades,1,1
Master League — Top 75,Beldum (Shadow),—,Metagross (Shadow) #27 (score 88.8),IV% ≥96% or 15 ATK  (high ATK),Shadow Claw / Meteor Mash / Earthquake,1,1
Master League — Top 75,Meltan,GL #1 · UL #5,Melmetal #28 (score 88.5),IV% ≥96% or 15 ATK  (high ATK),Thunder Shock / Double Iron Bash / Dynamic Punch,1,3
Master League — Top 75,Keldeo (Resolute),—,Keldeo (Resolute) #29 (score 88.4),IV% ≥96% or 15 ATK  (high ATK),Low Kick / Secret Sword / Aqua Jet,1,1
Master League — Top 75,Gible,—,Garchomp #30 (score 87.7),IV% ≥96% or 15 ATK  (high ATK),Dragon Tail / Twister / Earth Power,1,1
Master League — Top 75,Magikarp (Shadow),UL #67,Gyarados (Shadow) #31 (score 87.6),IV% ≥96% or 15 ATK  (high ATK),Dragon Breath / Aqua Tail / Twister,1,2
Master League — Top 75,Kyogre (Shadow),—,Kyogre (Shadow) #32 (score 86.8),IV% ≥96% or 15 ATK  (high ATK),Waterfall / Avalanche / Origin Pulse,1,1
Master League — Top 75,Palkia,—,Palkia #33 (score 86.2),IV% ≥96% or 15 ATK  (high ATK),Dragon Breath / Aqua Tail / Fire Blast,1,1
Master League — Top 75,Grookey,GL #35 · UL #21,Rillaboom #34 (score 86.2),IV% ≥96% or 15 ATK  (high ATK),Scratch / Drum Beating / Earth Power,1,3
Master League — Top 75,Keldeo (Ordinary),—,Keldeo (Ordinary) #35 (score 86.1),IV% ≥96% or 15 ATK  (high ATK),Low Kick / Aqua Jet / Sacred Sword,1,1
Master League — Top 75,Latios (Shadow),—,Latios (Shadow) #36 (score 86.1),IV% ≥96% or 15 ATK  (high ATK),Dragon Breath / Aura Sphere / Luster Purge,1,1
Master League — Top 75,Yveltal,—,Yveltal #37 (score 85.9),IV% ≥96% or 15 ATK  (high ATK),Sucker Punch / Dark Pulse / Oblivion Wing,1,1
Master League — Top 75,Giratina (Altered) (Shadow),UL #32,Giratina (Altered) (Shadow) #38 (score 85.8),IV% ≥96% or 15 ATK  (high ATK),Dragon Breath / Dragon Claw / Shadow Sneak,1,2
Master League — Top 75,Flabebe,GL #11 · UL #12,Florges #39 (score 85.7),IV% ≥96% or 15 ATK  (high ATK),Fairy Wind / Moonblast / Chilling Water,1,3
Master League — Top 75,Landorus (Therian),—,Landorus (Therian) #40 (score 85.7),IV% ≥96% or 15 ATK  (high ATK),Mud Shot / Sandsear Storm / Stone Edge,1,1
Master League — Top 75,Cosmog,—,Solgaleo #41 (score 85.7),IV% ≥96% or 15 ATK  (high ATK),Fire Spin / Psychic Fangs / Iron Head,1,1
Master League — Top 75,Dialga (Shadow),—,Dialga (Shadow) #42 (score 85),IV% ≥96% or 15 ATK  (high ATK),Dragon Breath / Iron Head / Draco Meteor,1,1
Master League — Top 75,Meloetta (Aria),—,Meloetta (Aria) #43 (score 85),IV% ≥96% or 15 ATK  (high ATK),Confusion / Psyshock / Dazzling Gleam,1,1
Master League — Top 75,Dialga,—,Dialga #44 (score 84.2),IV% ≥96% or 15 ATK  (high ATK),Dragon Breath / Iron Head / Draco Meteor,1,1
Master League — Top 75,Popplio,UL #51,Primarina #45 (score 84.1),IV% ≥96% or 15 ATK  (high ATK),Waterfall / Moonblast / Hydro Cannon,1,2
Master League — Top 75,Kyurem,—,Kyurem #46 (score 83.9),IV% ≥96% or 15 ATK  (high ATK),Dragon Breath / Glaciate / Dragon Claw,1,1
Master League — Top 75,Gimmighoul,—,Gholdengo #47 (score 83.8),IV% ≥96% or 15 ATK  (high ATK),Hex / Shadow Ball / Focus Blast,1,1
Master League — Top 75,Dratini (Shadow),—,Dragonite (Shadow) #48 (score 83.6),IV% ≥96% or 15 ATK  (high ATK),Dragon Breath / Thunder Punch / Super Power,1,1
Master League — Top 75,Latios,—,Latios #49 (score 83.6),IV% ≥96% or 15 ATK  (high ATK),Dragon Breath / Aura Sphere / Luster Purge,1,1
Master League — Top 75,Giratina (Altered),UL #17,Giratina (Altered) #50 (score 83.5),IV% ≥96% or 15 ATK  (high ATK),Dragon Breath / Dragon Claw / Shadow Sneak,1,2
Master League — Top 75,Mewtwo (Shadow),—,Mewtwo (Shadow) #51 (score 83.5),IV% ≥96% or 15 ATK  (high ATK),Psycho Cut / Psystrike / Shadow Ball,1,1
Master League — Top 75,Groudon (Shadow),—,Groudon (Shadow) #52 (score 83.4),IV% ≥96% or 15 ATK  (high ATK),Dragon Tail / Fire Punch / Precipice Blades,1,1
Master League — Top 75,Deino (Shadow),GL #56,Hydreigon (Shadow) #53 (score 83.2),IV% ≥96% or 15 ATK  (high ATK),Dragon Breath / Brutal Swing / Fly,1,2
Master League — Top 75,Ho-Oh (Shadow),—,Ho-Oh (Shadow) #54 (score 82.8),IV% ≥96% or 15 ATK  (high ATK),Incinerate / Brave Bird / Sacred Fire,1,1
Master League — Top 75,Goomy,—,Goodra #55 (score 82.6),IV% ≥96% or 15 ATK  (high ATK),Dragon Breath / Aqua Tail / Draco Meteor,1,1
Master League — Top 75,Latias (Shadow),—,Latias (Shadow) #56 (score 82.1),IV% ≥96% or 15 ATK  (high ATK),Dragon Breath / Aura Sphere / Mist Ball,1,1
Master League — Top 75,Magikarp,UL #75,Gyarados #57 (score 81.9),IV% ≥96% or 15 ATK  (high ATK),Dragon Breath / Aqua Tail / Crunch,1,2
Master League — Top 75,Togepi,UL #61,Togekiss #58 (score 81.8),IV% ≥96% or 15 ATK  (high ATK),Peck / Dazzling Gleam / Aura Sphere,1,2
Master League — Top 75,Tapu Lele,—,Tapu Lele #59 (score 81.6),IV% ≥96% or 15 ATK  (high ATK),Astonish / Psyshock / Natures Madness,1,1
Master League — Top 75,Enamorus (Therian),—,Enamorus (Therian) #60 (score 81.1),IV% ≥96% or 15 ATK  (high ATK),Fairy Wind / Mystical Fire / Moonblast,1,1
Master League — Top 75,Jirachi,—,Jirachi #61 (score 81.1),IV% ≥96% or 15 ATK  (high ATK),Confusion / Doom Desire / Aura Sphere,1,1
Master League — Top 75,Latias,—,Latias #62 (score 81.1),IV% ≥96% or 15 ATK  (high ATK),Dragon Breath / Aura Sphere / Mist Ball,1,1
Master League — Top 75,Larvitar (Shadow),—,Tyranitar (Shadow) #63 (score 80.8),IV% ≥96% or 15 ATK  (high ATK),Dragon Breath / Brutal Swing / Stone Edge,1,1
Master League — Top 75,Timburr (Shadow),—,Conkeldurr (Shadow) #64 (score 80.7),IV% ≥96% or 15 ATK  (high ATK),Force Palm / Dynamic Punch / Brutal Swing,1,1
Master League — Top 75,Mewtwo,—,Mewtwo #65 (score 80.6),IV% ≥96% or 15 ATK  (high ATK),Psycho Cut / Psystrike / Shadow Ball,1,1
Master League — Top 75,Dratini,—,Dragonite #66 (score 80.4),IV% ≥96% or 15 ATK  (high ATK),Dragon Breath / Thunder Punch / Super Power,1,1
Master League — Top 75,Eevee,—,Sylveon #67 (score 80.2),IV% ≥96% or 15 ATK  (high ATK),Fairy Wind / Draining Kiss / Shadow Ball,1,1
Master League — Top 75,Rhyhorn (Shadow),—,Rhyperior (Shadow) #68 (score 80.1),IV% ≥96% or 15 ATK  (high ATK),Mud Slap / Drill Run / Rock Wrecker,1,1
Master League — Top 75,Rhyhorn,—,Rhyperior #69 (score 80),IV% ≥96% or 15 ATK  (high ATK),Mud Slap / Drill Run / Rock Wrecker,1,1
Master League — Top 75,Genesect (Shock),UL #88,Genesect (Shock) #70 (score 79.9),IV% ≥96% or 15 ATK  (high ATK),Fury Cutter / Magnet Bomb / Techno Blast Shock,1,2
Master League — Top 75,Heatran (Shadow),—,Heatran (Shadow) #71 (score 79.9),IV% ≥96% or 15 ATK  (high ATK),Fire Spin / Magma Storm / Earth Power,1,1
Master League — Top 75,Genesect (Chill),—,Genesect (Chill) #72 (score 79.7),IV% ≥96% or 15 ATK  (high ATK),Fury Cutter / Magnet Bomb / Techno Blast Chill,1,1
Master League — Top 75,Raikou (Shadow),UL #93,Raikou (Shadow) #73 (score 79.6),IV% ≥96% or 15 ATK  (high ATK),Thunder Shock / Wild Charge / Aura Sphere,1,2
Master League — Top 75,Kubfu,—,Urshifu (Single Strike) #74 (score 79.6),IV% ≥96% or 15 ATK  (high ATK),Sucker Punch / Dynamic Punch / Payback,1,1
Master League — Top 75,Frigibax,—,Baxcalibur #75 (score 79.5),IV% ≥96% or 15 ATK  (high ATK),Dragon Breath / Glaive Rush / Avalanche,1,1
